Date,SPTRENRS Index,SPTRCOND Index,SPTRCONS Index,SPTRINFT Index,SPTRTELS Index,SPTRUTIL Index,SPTRFINL Index,SPTRMATR Index,SPTRINDU Index,SPTRHLTH Index,RGUSES Index,RGUSFS Index,RGUSTS Index,RGUSPS Index,RGUSUS Index,RGUSDS Index,RGUSHS Index,RGUSSS Index,RGUSMS Index,RGUSML Index,RGUSEL Index,RGUSFL Index,RGUSSL Index,RGUSHL Index,RGUSDL Index,RGUSUL Index,RGUSPL Index,RGUSTL Index,BARCLAYS_CTA,NEWEDGE_SHORT,NEWEDGE_TREND
1/31/1996,-0.001297908,0.021357932,0.030509203,0.039600226,0.020587409,0.019510358,0.052512008,0.066072321,0.032271976,0.056209647,,,,,,,,,,,,,,,,,,,0.026400001,,
2/29/1996,0.007874016,0.017819365,0.016748905,0.063190613,-0.037246127,-0.030959066,0.018994758,-0.000937866,0.014273778,-0.015581925,,,,,,,,,,,,,,,,,,,-0.047700002,,
3/29/1996,0.047861044,0.041729954,-0.011004785,-0.047405563,-0.025314645,-0.007701106,0.011499122,0.064460612,0.026292305,-6.08791E-05,,,,,,,,,,,,,,,,,,,0.005899999,,
4/30/1996,0.026131017,0.024633566,-0.000691133,0.098992678,0.027292737,-0.020285846,-0.017591097,0.003454105,0.018662207,-0.018021309,,,,,,,,,,,,,,,,,,,0.059600005,,
5/31/1996,0.013685102,0.031156381,0.060377619,0.029677813,-0.004356521,0.015058824,0.021682197,-0.010253406,0.024558408,0.041292083,,,,,,,,,,,,,,,,,,,-0.019600005,,
6/28/1996,0.009185804,-0.017794887,0.04109053,-0.03130635,0.008535973,0.054782877,0.010968703,-0.049134231,0.002435429,0.018636499,,,,,,,,,,,,,,,,,,,-0.003499999,,
7/31/1996,-0.038270583,-0.068623826,-0.02537276,-0.048666361,-0.076742532,-0.063878104,-0.020343181,-0.025058366,-0.044882041,-0.047463175,,,,,,,,,,,,,,,,,,,-0.0164,,
8/30/1996,0.019717502,0.035728464,-0.010798997,0.035600225,-0.032200909,0.022380468,0.033766703,0.031848659,0.027980454,0.037002946,0.071244192,0.043738536,0.081855944,0.059750417,0.043082779,0.057635885,0.074770117,0.030921598,0.047342716,,,,,,,,,,-0.008200002,,
9/30/1996,0.03888342,0.022844002,0.059068166,0.110433506,0.011621428,0.009031764,0.068296943,0.043861685,0.065768054,0.081898337,0.070843373,0.033054814,0.086399351,0.02798278,0.00518626,0.030289767,0.049007432,0.036231034,0.012747456,,,,,,,,,,0.022199999,,
10/31/1996,0.061049069,0.008843588,0.016198307,0.011001499,0.024470847,0.049912766,0.074776542,0.007633022,0.016741003,0.008751299,0.104924778,0.0116761,-0.032882452,-0.014287977,-0.018679968,-0.035939672,-0.096705692,0.030741352,-0.006901923,,,,,,,,,,0.054900005,,
11/29/1996,0.048223512,0.047916202,0.05530733,0.157382238,0.067434716,0.020229752,0.095892495,0.049569758,0.07114957,0.0837174,0.060397998,0.052952596,0.062444078,0.074796051,0.002461368,0.015775518,0.00368236,0.033937149,0.042914837,,,,,,,,,,0.034699998,,
12/31/1996,0.003407777,-0.041188147,0.005950338,-0.026213275,0.035041013,-0.006515119,-0.036092731,-0.025856632,-0.023674614,-0.043328163,0.032265145,0.049113689,0.013004743,0.019598399,-0.016809531,-0.00692084,0.062411906,0.033248315,0.0212324,,,,,,,,,,-0.014999998,,
1/31/1997,0.049548184,0.024473198,0.05937891,0.133917165,0.026972541,0.005274788,0.082713264,0.025823623,0.030799287,0.108571727,-0.005634701,0.012565039,0.034960445,0.039990878,-0.000132992,0.003970604,0.052560726,0.017793647,0.008881485,,,,,,,,,,0.038599997,,
2/28/1997,-0.041257367,0.031683025,0.045259315,-0.069843395,0.040546944,-0.007232504,0.039283497,0.027627796,5.57445E-05,0.014388829,-0.133967711,0.019939321,-0.12187677,-0.020127185,-0.019123906,-0.020178165,-0.032141467,0.024599749,0.004734624,,,,,,,,,,0.034900001,,
3/31/1997,0.049662488,-0.01790836,-0.055061893,-0.042598307,-0.078519386,-0.032354832,-0.071075085,-0.04353463,-0.028205128,-0.067807646,0.039259259,-0.036311988,-0.11438283,-0.046915712,-0.037938828,-0.025738927,-0.101311884,-0.019697631,-0.044263054,,,,,,,,,,-0.0059,,
4/30/1997,0.009933395,0.040173802,0.078164918,0.112196923,0.035157077,-0.016976676,0.071966566,0.025397731,0.058850522,0.082817801,-0.011047755,0.002544459,0.006849762,0.037971287,-0.007157176,0.012962463,-0.046435802,0.016385196,-0.009766107,,,,,,,,,,-0.013799996,,
5/30/1997,0.07390983,0.04683969,0.050466347,0.084086326,0.057150651,0.044300946,0.046698942,0.061712934,0.074702059,0.060864357,0.127567568,0.058540442,0.218241113,0.11755106,0.07019481,0.112929885,0.155969249,0.105083787,0.093357254,,,,,,,,,,0.003199999,,
6/30/1997,0.03610567,0.034146661,0.035755423,0.017761099,0.029159409,0.030270348,0.055503254,0.036107471,0.058168254,0.093116178,0.029136039,0.0589453,0.006993813,0.047525411,0.038661655,0.058407816,0.029192847,0.051774883,0.016759531,,,,,,,,,,0.000799996,,
7/31/1997,0.068264269,0.078373079,0.038320745,0.189957455,0.01046825,0.021774025,0.119401249,0.084687876,0.067546325,0.020143828,0.072511775,0.039159161,0.106106353,0.078095238,0.01861838,0.017590403,0.00847187,0.027496593,0.053488673,,,,,,,,,,0.0569,,
8/29/1997,-0.028985507,-0.034256218,-0.091663692,-0.031598201,-0.043734491,-0.018851171,-0.074586018,-0.047172012,-0.061219937,-0.079490575,0.091786507,-0.000654848,0.05280247,0.031904542,0.003176372,0.014492612,0.016168089,0.016731398,0.026820018,,,,,,,,,,-0.039999999,,
9/30/1997,0.068469534,0.051870748,0.048098654,0.032521716,0.092247811,0.04260355,0.080747202,0.010036106,0.048766576,0.057499471,0.125309406,0.081266233,0.03614731,0.065632754,0.085059993,0.066931959,0.114565385,0.074291038,0.040862566,,,,,,,,,,0.010100003,,
10/31/1997,-0.026462588,-0.02096085,-0.019500305,-0.092035057,0.031715864,0.009481205,-0.020748182,-0.087549228,-0.068162248,0.01008242,-0.010055383,-0.017464603,-0.10349884,-0.075468623,0.006296955,-0.038275757,-0.054124729,-0.030885478,-0.052824809,,,,,,,,,,-0.016000005,,
11/28/1997,-0.017426718,0.045060454,0.075297605,0.024793142,0.134995107,0.075203386,0.039510452,0.011752988,0.063956033,0.04376931,-0.126611911,0.011640686,-0.032786218,-0.001435624,0.046588235,-0.000118816,-0.022464486,0.03211589,-0.018733259,,,,,,,,,,0.014200003,,
12/31/1997,-0.004433949,0.02550934,0.0388138,-0.063079046,0.030533577,0.075725886,0.050122499,-0.010828903,0.010650942,0.042958522,-0.030892241,0.056425151,-0.034318262,-0.001929528,0.071225452,0.009159279,0.003877555,0.033500965,-0.006762217,,,,,,,,,,0.024799999,,
1/30/1998,-0.054412548,0.013538055,-0.020372352,0.084216221,0.056944581,-0.040544404,-0.028514954,-0.006369427,0.008367633,0.069279191,-0.1163979,-0.026097085,0.003737618,-0.006178845,-0.010436874,-0.00261222,-0.019206577,-0.028576822,-0.008394082,,,,,,,,,,0.005800002,,
2/27/1998,0.070598474,0.099201824,0.061645332,0.104062766,0.002933644,0.033853856,0.094059571,0.058293269,0.064008253,0.055092388,0.047005146,0.039488854,0.102241164,0.096183187,0.053227711,0.093676245,0.082016078,0.09598195,0.067788095,,,,,,,,,,-0.009900001,,
3/31/1998,0.042320199,0.063228611,0.048600823,0.015620303,0.108366608,0.065029402,0.057010457,0.054766862,0.05649003,0.0362833,0.07261211,0.031437871,0.034223976,0.024937077,0.065068791,0.051579065,0.023624677,0.066329797,0.038674163,,,,,,,,,,0.005399995,,
4/30/1998,0.035050695,0.0237874,-0.029590675,0.055478649,-0.048885724,-0.023059435,0.01652678,0.037865646,-0.019991221,0.023746538,0.055413832,0.00183903,0.032619372,0.001448505,-0.024762391,0.005636002,-0.020094601,-0.038270043,0.021455696,,,,,,,,,,-0.033899995,,
5/29/1998,-0.030539426,0.033989835,0.016419299,-0.063089807,-0.006518388,-0.003656915,-0.024089207,-0.029567723,-0.032125407,-0.019760443,-0.104337317,-0.026160575,-0.109610152,-0.053607548,-0.044243244,-0.046028915,-0.080195746,-0.004735194,-0.052091263,,,,,,,,,,0.007599996,,
6/30/1998,-0.012573153,0.04160632,0.040504516,0.098401329,0.019195815,0.038204872,0.041924698,-0.040030884,0.018173405,0.072726709,-0.086106947,-0.006808537,0.019171525,-0.019426634,0.052277836,0.027265995,-0.00121245,0.006514124,-0.042416162,,,,,,,,,,0.003600005,,
7/31/1998,-0.057137565,-0.005730418,-0.045122557,0.043500004,0.042496738,-0.050511543,0.000111616,-0.08321475,-0.047390819,0.004278817,-0.181604418,-0.056895139,-0.099328008,-0.098387804,-0.052275119,-0.080067285,-0.077509829,-0.066694792,-0.096414875,,,,,,,,,,-0.002899999,,
8/31/1998,-0.112655306,-0.15319744,-0.118217132,-0.163786333,-0.093712188,0.023411937,-0.230546023,-0.130246997,-0.130291464,-0.11209949,-0.283576106,-0.16071566,-0.227411745,-0.196599319,-0.12120146,-0.220167002,-0.23708141,-0.123371687,-0.194517536,,,,,,,,,,0.059199995,,
9/30/1998,0.140129504,-0.008057252,0.004768609,0.132958388,0.112057456,0.079102585,0.020088476,0.062693979,0.034460403,0.117887365,0.175806752,0.06606221,0.13966089,0.010825895,0.07418806,0.049962682,0.179203995,0.035332997,0.038070839,,,,,,,,,,0.031600005,,
10/30/1998,0.012038251,0.115634933,0.150334478,0.067024681,0.077416684,-0.019105027,0.121285369,0.034316589,0.095984187,0.035296847,0.044816372,-0.004547466,0.067349072,0.085862533,0.01580443,0.044428864,0.075253793,0.058089783,0.047872054,,,,,,,,,,-0.0075,,
11/30/1998,0.007434409,0.076651743,0.043104126,0.115119606,0.04610951,0.014738048,0.068190464,0.03578992,0.03976423,0.061407441,-0.134983298,0.035064326,0.125315593,0.062149662,0.018321696,0.079735192,0.049987818,0.018817262,0.02686386,,,,,,,,,,-0.009300005,,
12/31/1998,-0.010378975,0.077200941,0.01883452,0.146837749,0.137190083,0.030587632,0.020537172,-0.036257071,0.037058973,0.043681377,-0.063542215,0.022461054,0.102539604,0.051779329,0.079297882,0.078252938,0.126464787,0.057771664,0.017166952,,,,,,,,,,0.021200005,,
1/29/1999,-0.072933705,0.056811978,-0.021924798,0.172821718,0.084302326,-0.043722922,0.021199872,-0.023336398,0.016072448,-0.003489872,-0.101968135,-0.009811356,0.040118227,0.043019892,0.025151262,0.049411413,0.00592234,-0.055738095,-0.03860886,,,,,,,,,,-0.015000001,,
2/26/1999,-0.005293202,0.002508947,-0.04199743,-0.122770782,-0.026124516,-0.038171119,0.013355735,0.01100572,-0.016821905,0.009389671,-0.113963682,-0.055221735,-0.10074538,-0.105072226,-0.049017513,-0.086242431,-0.105650267,-0.078844456,-0.08222377,,,,,,,,,,0.026199999,,
3/31/1999,0.146389816,0.044606382,-0.01984769,0.090719823,-0.021074848,-0.015755279,0.038302656,0.025710807,0.041202172,0.023834067,0.313427562,-0.010849368,0.029581834,-0.030372905,0.053384553,0.032054423,-0.011677606,-0.034979001,-0.001261048,,,,,,,,,,-0.012199998,,
4/30/1999,0.1453536,0.026283339,0.012198068,0.011118056,0.039870016,0.085538258,0.067770921,0.240748499,0.085379245,-0.066817278,0.224195139,0.11157478,0.053309872,0.112088944,0.092997979,0.082322937,0.002085103,0.002719994,0.158913906,,,,,,,,,,0.018099997,,
5/31/1999,-0.023641132,-0.042431941,0.003102255,-0.012557643,0.01938101,0.063139759,-0.055561188,-0.075576815,-0.028943089,-0.028445871,-0.000512783,-0.006147285,0.051275401,0.012544437,0.055837469,-0.009627582,0.037607891,0.018174527,-0.002053665,,,,,,,,,,-0.014299999,,
6/30/1999,0.009075001,0.059907504,-0.010110622,0.118666319,0.069093589,-0.035033365,0.041411702,0.050891824,0.066123391,0.046098426,0.047566696,0.00591142,0.10471056,0.075423729,0.001654842,0.046608404,0.0471071,0.054627592,0.034926186,,,,,,,,,,0.0155,,
7/30/1999,0.012542346,-0.058145041,-0.008491549,-0.006863953,-0.021423254,-0.012249938,-0.062160142,-0.01558246,-0.036473422,-0.055381508,0.013433149,-0.036167678,-0.025051068,-0.005653746,0.012865353,-0.050514417,0.003777065,-0.019748259,-0.063760864,,,,,,,,,,-0.005199998,,
8/31/1999,0.017485164,-0.034009697,-0.017734508,0.061431315,-0.096556971,0.01020153,-0.045890467,-0.039661057,-0.00930957,0.033932683,0.055160511,-0.05418035,0.011270927,-0.04797786,-0.017083413,-0.073249348,-0.031657421,-0.027530029,-0.056686177,,,,,,,,,,-0.003200004,,
9/30/1999,-0.040241134,0.00516767,-0.102076907,-0.004320112,0.048619991,-0.048066927,-0.05198583,-0.029411765,-0.003290797,-0.080775144,-0.027937713,-0.01814471,0.045220774,-0.013755104,-0.015314814,0.011103963,-0.021308425,-0.02612022,-0.009767029,,,,,,,,,,0.000500004,,
10/29/1999,-0.014397585,0.071087769,0.072779737,0.017731378,0.079645491,0.014456578,0.16690971,0.022222222,0.023955391,0.110338861,-0.090731642,0.012332691,0.08547063,-0.004193462,0.045834304,-0.021654999,-0.043805689,-0.031281056,-0.055422716,,,,,,,,,,-0.042100003,,
11/30/1999,0.018332299,0.010981042,0.014302792,0.112795738,0.039667236,-0.07427722,-0.049075762,-0.012907609,-0.032817426,0.007064752,-0.035827967,-0.021172169,0.198824469,0.046604868,0.033248476,0.03052785,0.110554429,-0.00913532,0.035010397,,,,,,,,,,0.019600003,,
12/31/1999,0.002844603,0.096492127,-0.03329545,0.19972476,-0.022706799,0.009911955,-0.019767283,0.108177439,0.103274559,-0.088902071,0.036775432,-0.00803295,0.270636293,0.098996028,0.07275231,0.093921136,0.175276915,-0.035916778,0.05691918,,,,,,,,,,0.0022,,
1/31/2000,-0.016411379,-0.083110087,-0.066881477,-0.07680235,-0.034241562,0.108454874,-0.031673323,-0.117773261,-0.091156326,0.0594463,0.042505924,-0.053152805,-0.002648195,-0.023920367,-0.009016672,-0.081684456,0.151616083,-0.049477102,-0.050723665,,,,,,,,,,0.0141,,
2/29/2000,-0.058295225,-0.057382619,-0.101726552,0.135001838,-0.080231318,-0.061683815,-0.108252329,-0.095481889,-0.04259485,-0.103724683,0.098877681,-0.008021463,0.371395443,0.114887294,0.080460398,-0.015853785,0.458321985,-0.036436757,-0.012101557,,,,,,,,,,-0.004400003,,
3/31/2000,0.105039811,0.114254821,-0.010857143,0.083795343,0.110456599,0.033317518,0.185534998,0.099334937,0.136170705,0.054793704,0.214738203,0.029489696,-0.112682765,0.015832921,-0.005330021,0.004997198,-0.313115323,0.014182219,0.039844895,,,,,,,,,,-0.0083,,
4/28/2000,-0.008195099,-0.019343361,0.025996534,-0.090547536,-0.060275403,0.077853171,-0.031458038,-0.044149826,0.01820343,0.079531965,-0.030012771,0.001786976,-0.145433467,0.028738612,-0.08991236,-0.064895628,-0.035865034,0.008106806,-0.003231138,,,,,,,,,,-0.0161,,
5/31/2000,0.096638991,-0.044958274,0.095976658,-0.104800103,-0.099385785,0.043735504,0.067072312,-0.022017237,-0.005603549,0.055791182,0.137700241,-0.010476431,-0.12618191,-0.105571727,-0.078945269,-0.054307419,-0.023353567,0.023496805,-0.032841246,,,,,,,,,,0.007999999,,
6/30/2000,-0.052633495,-0.024418042,0.011349306,0.114895006,0.017244739,-0.059543785,-0.06063886,-0.089845095,-0.024385335,0.083170085,0.020252676,0.014623187,0.153785952,0.075115859,0.000796916,0.033737865,0.258356824,0.005082372,-0.02190134,,,,,,,,,,-0.009500001,,
7/31/2000,-0.022630345,-0.011576451,-0.009374711,-0.047748576,-0.079494301,0.070884367,0.103335863,0.005975794,0.010211098,-0.056111353,-0.130872483,0.055475266,-0.129797023,-0.021766801,-0.045725612,-0.021392067,-0.028837118,0.018952566,0.01820102,,,,,,,,,,-0.011999996,,
8/31/2000,0.077875619,-0.018732092,-0.013892126,0.112037938,-0.023861548,0.136887608,0.09602649,0.016542597,0.091141136,0.006912442,0.232040894,0.027611331,0.132173707,0.077228394,0.030937653,0.031340826,0.150661041,0.006799177,0.030752764,,,,,,,,,,0.025599999,,
9/29/2000,0.031802765,-0.021352703,0.044863613,-0.187202028,-0.008456209,0.091848859,0.023750871,-0.097714328,-0.01147812,0.049644707,0.050626766,0.038568268,-0.097753814,-0.081385317,-0.027677825,-0.046606516,0.026382438,0.032886566,-0.070964427,,,,,,,,,,-0.014900003,,
10/31/2000,-0.020041709,-0.018797553,0.11722921,-0.057923261,0.024760813,-0.038560598,-0.004358485,0.096081325,0.026220301,0.036694511,-0.093097509,-0.023140846,-0.134878571,0.001337002,-0.049484704,-0.017726095,-0.036222288,-0.010408577,-0.004516962,,,,,,,,,,0.008800002,,
11/30/2000,-0.026944164,-0.057587046,0.045680962,-0.205837321,-0.142982027,-0.011469967,-0.058937529,-0.026477188,-0.041938261,0.042567792,-0.052624265,-0.03376229,-0.301622684,-0.065469753,-0.068005712,-0.07170669,-0.109646998,0.003290848,-0.049391147,,,,,,,,,,0.027400001,,
12/29/2000,0.058197724,0.035897229,0.038650711,-0.109660895,-0.079072994,0.094160305,0.090345245,0.146819299,0.012066752,0.027962971,0.345948853,0.123943135,-0.010255002,0.086516549,0.060793006,0.044508521,0.088598741,0.06474321,0.11805175,,,,,,,,,,0.06,,
1/31/2001,-0.030195817,0.135498189,-0.061747269,0.179168757,0.146869877,-0.097184916,-0.002755311,-0.025189254,-0.010083714,-0.081627595,-0.09754414,0.015599862,0.204125084,0.095896366,-0.007962795,0.109919758,-0.036665341,0.043329897,0.029361795,,,,,,,,,,-0.000100001,,
2/28/2001,-0.018927217,-0.076775366,0.012637603,-0.280012289,-0.089816889,0.036397357,-0.065686275,0.013469865,-0.014350695,0.002451477,0.008051206,-0.015513192,-0.283013869,-0.089974217,-0.040269433,-0.033967235,-0.051506553,0.011742527,0.013383977,,,,,,,,,,-0.006199999,,
3/30/2001,-0.015389713,-0.04620413,-0.050586712,-0.127045941,-0.049700777,-0.00674794,-0.030144043,-0.044212382,-0.082482938,-0.074284304,0.017970528,-0.01240637,-0.160459811,-0.031481905,-0.003701381,-0.035699174,-0.119300361,0.00750926,-0.042826865,,,,,,,,,,0.044099999,,
4/30/2001,0.099240923,0.08605919,-0.007729828,0.169280724,0.042384993,0.05821635,0.037203698,0.111528911,0.122201757,0.0273624,0.068298615,0.039192332,0.159734382,0.118319494,0.047251208,0.058433903,0.119263381,0.027584978,0.063416922,,,,,,,,,,-0.038200001,,
5/31/2001,0.006837432,0.02828971,0.019329306,-0.049853255,-0.015853293,-0.031887348,0.040326213,0.040275739,0.029985481,0.012243454,0.027137192,0.017008163,-0.003786972,-0.01462865,-0.017146291,0.044600885,0.052654822,0.046706782,0.043500559,,,,,,,,,,0.005999999,,
6/29/2001,-0.067470775,-0.015028418,-0.030324084,0.011709333,-0.043275719,-0.079687843,-0.000341826,-0.042152411,-0.039470458,-0.046470437,-0.175824962,0.063173786,0.058999884,0.021033286,-0.013826157,0.05267701,0.075719926,0.035807878,-0.017044449,,,,,,,,,,-0.0103,,
7/31/2001,-0.016339988,0.002973662,0.008513508,-0.059469593,0.045506257,-0.046140372,-0.016208084,0.001281148,-0.032733538,0.053770011,-0.070186093,-0.00654,-0.124955032,-0.03605,-0.05639,-0.048868,-0.0973,0.06286,-0.03343,,,,,,,,,,-0.0066,,
8/31/2001,-0.033664825,-0.105040237,0.041414184,-0.126067793,-0.092796518,-0.027170284,-0.0609417,-0.007613077,-0.042878818,-0.035347327,-0.090692792,-0.009260564,-0.103036857,-0.041195083,-0.020622927,-0.02180139,-0.026154869,0.032036204,-0.004748751,,,,,,,,,,0.014899999,,
9/28/2001,-0.067426437,-0.126400063,-0.017857143,-0.196555082,0.05728542,-0.115792183,-0.058999161,-0.111268695,-0.12209663,0.014498329,-0.135652352,-0.041208624,-0.22004125,-0.198952653,-0.081253043,-0.174383811,-0.119020806,-0.071345872,-0.156978316,,,,,,,,,,0.017900005,,
10/31/2001,0.031879675,0.023068936,-0.004780388,0.173785586,-0.132232155,-0.00359049,-0.018591845,0.024590164,0.020176644,-0.004834811,0.175936368,-0.006114231,0.17013503,0.079366795,0.004652204,0.081525744,0.044753764,-0.019457125,0.036376191,,,,,,,,,,0.0256,,
11/30/2001,-0.03802432,0.136660489,0.02315461,0.17072555,0.018041102,-0.053661862,0.071420937,0.119575221,0.093539574,0.048559181,-0.063651507,0.030386063,0.16861906,0.095480028,0.013669242,0.10819549,0.053465493,0.074507173,0.078230038,,,,,,,,,,-0.045200004,,
12/31/2001,0.053238358,0.024806864,0.007222534,-0.019387147,0.017413191,0.026088299,0.02187087,-0.02327052,0.045918367,-0.0317518,0.089541779,0.038419751,0.067524897,0.081663659,0.034348364,0.080210936,0.040357587,0.025334265,0.080024718,,,,,,,,,,0.010000002,,
1/31/2002,-0.018960125,-0.008712781,0.011991076,0.013750243,-0.077851265,-0.057569831,-0.015643303,0.019098796,-0.05275021,-0.009406301,-0.065063579,0.020347563,-0.033648377,0.018998638,-0.065163188,0.020601162,-0.088511243,-0.006597361,0.008265729,,,,,,,,,,-0.008657003,,
2/28/2002,0.044152222,0.012687252,0.040507027,-0.140179925,-0.064275938,-0.02208269,-0.014528325,0.053363827,0.026032603,0.003954535,0.034028366,0.010537315,-0.163703871,0.001409472,-0.042220335,0.002836467,-0.068638731,0.009577563,0.031119848,,,,,,,,,,-0.021237999,,
3/29/2002,0.066633592,0.018566038,0.035562954,0.062029123,-0.021063718,0.121721624,0.066467081,0.034617936,0.01536864,0.002028445,0.120374635,0.052388453,0.10369472,0.105882475,0.068444911,0.073917793,0.076088256,0.044026639,0.096674332,,,,,,,,,,0.005820999,,
4/30/2002,-0.050806827,-0.040715768,0.019801257,-0.12389025,-0.155220848,-0.018627213,-0.026680192,-0.04820752,-0.093372878,-0.061860038,0.040701658,0.038448824,-0.099986264,0.006036104,-0.007760636,0.059253709,-0.031971756,0.036494133,0.021838679,,,,,,,,,,-0.009124995,,
5/31/2002,0.007388141,-0.001351717,0.009529268,-0.03845119,0.036366209,-0.088725224,-0.001672322,0.049975502,0.002707276,-0.019069126,-0.08497937,-0.01737631,-0.080003924,-0.05259437,-0.05381879,-0.045161692,-0.064920491,-0.014192533,-0.032123689,,,,,,,,,,0.025789996,,
6/28/2002,-0.002319925,-0.080439322,-0.058516679,-0.121496337,-0.124795194,-0.071056628,-0.047461824,-0.020590294,-0.056474294,-0.091802021,-0.024417154,-0.004049676,-0.143872787,-0.050270992,-0.03907777,-0.059201767,-0.092079424,-0.016970459,-0.017976714,,,,,,,,,,0.064527001,,
7/31/2002,-0.127367513,-0.117419463,-0.044740115,-0.083385101,-0.12449298,-0.139787458,-0.079314915,-0.111547853,-0.0424069,-0.020531741,-0.20229139,-0.08172043,-0.194679732,-0.188611364,-0.134101156,-0.182820758,-0.126562124,-0.136578074,-0.164992019,,,,,,,,,,0.029231002,,
8/30/2002,0.001031504,0.026636805,0.010337753,-0.012038769,-0.017551675,0.037605213,0.020457314,-0.004290119,-0.021457624,0.012335739,0.051531776,0.007104481,-0.005327742,-0.041740992,0.021589838,-0.005689546,-0.018641445,-0.007165087,0.005657521,,,,,,,,,,0.012919997,,
9/30/2002,-0.086041819,-0.085913205,-0.072092478,-0.175300727,-0.140382697,-0.129203192,-0.116919404,-0.128652215,-0.119523264,-0.064250412,-0.040447857,-0.046644781,-0.172644965,-0.09549516,-0.055682484,-0.050121636,-0.038727088,-0.075463901,-0.091604312,,,,,,,,,,0.024184001,,
10/31/2002,0.029454597,0.064994415,0.036069024,0.222985381,0.329359637,-0.018180452,0.090467852,0.050606505,0.038441158,0.060010928,0.022053882,-0.008844569,0.170161223,0.058712845,0.02659822,0.013079483,0.01728161,-0.002365741,0.000882986,,,,,,,,,,-0.033446998,,
11/29/2002,0.036962672,0.049632879,-0.028841857,0.168707369,0.119911118,0.026398347,0.041100907,0.121267834,0.06396994,0.027032445,0.034010759,0.032178346,0.284783695,0.101180228,0.041333676,0.070559608,0.068418035,0.025276202,0.057935635,,,,,,,,,,-0.014135003,,
12/31/2002,0.000396057,-0.086486486,0.005270423,-0.144176303,-0.07518424,0.040703742,-0.053602836,-0.042172231,-0.045387164,-0.035103862,0.019480895,-0.158300191,-0.15400964,-0.381820016,-0.146716186,-0.182390782,-0.159504881,-0.369060561,-0.621377412,,,,,,,,,,0.045774002,,
1/31/2003,-0.025821493,-0.032718413,-0.035201598,-0.016898151,-0.063979772,-0.030587393,-0.016668573,-0.04943851,-0.048458552,-0.003785471,-0.035438875,-0.011235286,-0.001247906,-0.048688451,-0.037200762,-0.040566567,-0.037196679,-0.011825123,-0.052587117,-0.051586173,-0.017629656,-0.022897902,-0.04492014,-0.002338827,-0.032334563,-0.036738778,-0.040891957,-0.007261873,0.029106999,,
2/28/2003,0.021132484,-0.008070735,-0.02820546,0.025308535,-0.083251473,-0.047439592,-0.03125636,-0.025716756,-0.014351541,-0.018042059,0.030568456,-0.014564801,-0.02138888,-0.039280431,-0.031821714,-0.051680188,-0.038986072,-0.074740153,-0.04534743,-0.029037646,0.010649439,-0.02983278,-0.030798329,-0.021667966,-0.019110034,-0.050688433,-0.003897052,0.019698022,0.026135001,,
3/31/2003,0.011895286,0.027725954,-0.002218968,-0.011828795,-0.002768104,0.049026453,-0.003871781,0.00207024,0.012807402,0.034413494,-0.025611773,0.002919369,-0.014380512,-0.011426786,0.032119797,0.032219018,0.058166368,0.009866233,0.001701248,0.006285563,0.018844824,-0.00448571,-0.011009741,0.035457011,0.027665488,0.011776763,0.017563721,-0.017264812,-0.046163002,,
4/30/2003,-0.004107853,0.115879179,0.030912245,0.090205773,0.099301576,0.086519263,0.12248034,0.093263484,0.106500625,0.034953453,0.024236038,0.075743551,0.124137108,0.10723558,0.066216622,0.110078377,0.106045166,0.046013392,0.08951347,0.084862033,-0.002232308,0.110352848,0.033446246,0.032209127,0.108761866,0.084688149,0.111236543,0.091367592,0.008630999,,
5/30/2003,0.086620738,0.051696868,0.047674519,0.08407126,0.067035921,0.104267338,0.052853385,0.031247891,0.027897275,0.018845538,0.174382716,0.062337956,0.195096434,0.090141707,0.092286273,0.073704379,0.159102217,0.064470992,0.073784271,0.032020849,0.079588689,0.052643044,0.085332867,0.027026399,0.052514228,0.063910607,0.024234037,0.089029293,0.050984004,,
6/30/2003,-0.010338004,0.014781077,0.010171725,-0.000432755,0.036870229,0.011340524,0.002498534,0.008900524,0.018431621,0.043114421,-0.012945929,0.011733862,-0.007206384,0.014682228,0.014506388,0.047664942,0.022527464,0.026503886,0.015399505,0.001761804,-0.011293082,0.001756778,0.00823914,0.044118835,0.01783687,0.019726272,0.012721549,-0.003757968,-0.023850001,,
7/31/2003,-0.024441996,0.021763984,-0.005625764,0.055393207,-0.054111757,-0.065208118,0.045878793,0.079203425,0.028931966,-0.014357297,-0.060352054,0.052911558,0.093289543,0.084403974,-0.0001047,0.059530255,0.095960695,0.044611986,0.049562682,0.072966741,-0.029323045,0.0420716,-0.021738182,-0.006231917,0.024849077,-0.053073848,0.034292852,0.059768128,-0.009786001,,
8/29/2003,0.062029446,0.050515934,0.019842571,0.057149898,0,0.019036443,-0.010066869,0.032097133,0.042802969,-0.036613634,0.070420318,0.00693312,0.083073255,0.080588135,0.030036948,0.052296463,0.025081572,0.042599488,0.047702991,0.02737306,0.057473178,-0.006297007,0.007922352,-0.036188922,0.051084981,0.002418808,0.047194928,0.061781798,0.006111999,,
9/30/2003,-0.024496869,-0.047179487,-0.002291365,-0.006506391,-0.040940224,0.044590877,0.006681241,-0.045541902,-0.025726334,0.003909881,-0.037894014,0.005027422,-0.021034341,-0.038224977,-0.000363061,-0.041007013,0.00217277,-0.028836403,-0.040585326,-0.042651256,-0.02398846,0.004131101,0.016000354,0.002797803,-0.047961656,0.000676247,-0.032723079,-0.005760759,0.004955,,
10/31/2003,0.008841697,0.089260578,0.050163181,0.082443794,0.053968512,0.010534052,0.068857819,0.091707853,0.056345299,0.007408013,0.056404769,0.065504083,0.122104753,0.105232168,0.061524828,0.09937342,0.033528965,0.044811356,0.103045119,0.085917971,0.012411523,0.063223786,0.045924292,0.007980206,0.080315296,0.036646239,0.069394391,0.089822317,0.012525004,,
11/28/2003,0.003641748,0.009958191,0.00951504,0.015782364,-0.012551013,0.001030303,-0.002762242,0.023865415,0.015374206,0.016680635,0.032026238,0.036054927,0.03812939,0.034243433,0.019570543,0.027892871,0.031880069,0.043584692,0.051623627,0.018347685,-0.00033456,0.001850684,0.031321121,0.017970609,0.011780091,-0.011645307,0.011858308,0.015890401,-0.005464002,,
12/31/2003,0.138761514,0.040004516,0.019040742,0.026591979,0.089753587,0.067142944,0.049125538,0.101643103,0.071523767,0.05879381,0.147544048,0.013719485,-0.029668957,0.022521427,0.019127774,0.007144854,0.02786518,0.036670507,0.083999542,0.090989769,0.132967509,0.042952985,0.027544169,0.052860082,0.022557548,0.069061146,0.056493214,0.021160655,0.034344998,,
1/30/2004,0.012640499,-0.007924733,0.002088539,0.034833197,0.044150268,0.02116192,0.031878682,-0.047619048,0.011021282,0.027500816,0.001466156,0.033216135,0.094049605,0.012174132,0.037300458,0.037091067,0.082248901,0.028290645,-0.008452728,-0.035024173,0.006270991,0.028884878,2.61904E-05,0.027652437,-0.004213356,0.025730551,0.013581417,0.038691134,0.008111001,,
2/27/2004,0.045193638,0.021192005,0.057166251,-0.032489338,0.020148026,0.019612201,0.026474382,0.051664932,-0.007518026,0.008921588,0.06905246,0.016108347,-0.0312461,-0.002059917,0.004888516,0.026532243,-0.011640088,0.019517721,0.037402498,0.043643535,0.036406957,0.022960431,0.040777309,0.010046489,0.035874394,0.002665719,-0.01606529,-0.032234061,0.036787001,,
3/31/2004,-0.006252688,-0.000785798,-0.002851611,-0.02655187,-0.014174392,0.009917175,-0.00984694,-0.019146094,-0.013428365,-0.040676406,0.043175593,0.017754666,-0.039385657,-0.007231519,-0.010045362,0.031716811,0.012472029,-0.006883692,0.02218707,-0.017419266,-0.004703705,-0.007487383,-0.009310518,-0.035819448,0.005037734,-0.008357647,-0.019773743,-0.033449799,0.004188,,
4/30/2004,0.016579,-0.015585344,0.012427623,-0.046715431,0.000954003,-0.036797238,-0.046166649,-0.047916877,-0.001535616,0.03096116,0.04186267,-0.084744361,-0.113105787,-0.047263543,-0.038087458,-0.034628527,0.008223895,-0.014222885,-0.054846554,-0.040931228,0.025035699,-0.051661766,0.021399543,0.030072005,-0.013227923,-0.018382302,-0.012789739,-0.056929324,-0.035541,,
5/31/2004,0.005763689,0.007661861,-0.012344818,0.049737884,-0.041051127,0.009242662,0.018409458,0.024793388,0.024432871,-0.001396238,-0.011795177,0.024109772,0.046618133,0.029337239,0.0128314,0.006853861,-0.013383174,-0.014519411,0.014395679,0.018905151,0.001191994,0.021499553,-0.01607709,-0.004149558,0.007531258,-0.01953891,0.02188302,0.051800099,-0.009640998,,
6/30/2004,0.052031779,0.005369369,0.004801921,0.027752268,0.031733636,0.015429872,0.004926108,0.050920182,0.060324826,-0.002379375,0.090068711,0.030589833,0.01658445,0.081248755,0.034547813,0.034402989,0.022112821,0.040347881,0.084833875,0.048838169,0.05268041,0.002836062,0.017868877,-0.003544305,0.006589257,0.013699804,0.054737728,0.021874254,-0.020603002,,
7/30/2004,0.033859486,-0.039642998,-0.048457376,-0.07543506,0.038739421,0.016452583,-0.020481671,-0.021545575,-0.020852105,-0.053848045,0.014133931,-0.029407989,-0.141454748,-0.089974733,-0.042258694,-0.066784087,-0.104396673,-0.052766856,-0.031148555,-0.024651564,0.034041482,-0.021774763,-0.061306583,-0.057898305,-0.04859795,0.016135851,-0.026113706,-0.076845572,-0.005493,,
8/31/2004,-0.009609628,-0.000410555,0.019904723,-0.052988898,0.011592475,0.041084104,0.033616919,0.018752199,-0.001676088,0.017879418,-0.050685634,0.038993677,-0.034905582,-0.030643085,0.015205807,-0.034822259,0.006438262,-0.020726989,0.010590347,0.015080991,-0.016538818,0.032287856,0.019323352,0.014695425,-0.004786877,0.024117606,-0.005884555,-0.052152395,-0.008316002,,
9/30/2004,0.084212435,0.029497424,-0.026938953,0.029228109,0.012834785,0.00857438,-0.008546649,0.038837347,0.022484116,-0.017616422,0.131893351,0.020012731,0.059165145,0.058181167,0.018598836,0.040592133,0.037912827,0.006021865,0.077203923,0.04195708,0.083821879,-0.00619859,-0.042650093,-0.014958881,0.026377868,0.011131575,0.023924684,0.026635107,0.011727,,
10/29/2004,0.006830411,0.040874801,0.007218873,0.052469215,0.015581561,0.048806719,0.005095758,-0.007648093,0.010978751,-0.021830656,-0.00930288,0.030420276,0.059920415,0.029225173,0.0331556,0.012836472,-0.004964964,0.004963185,-0.018540571,-0.010517977,0.006850703,0.00680776,0.005787319,-0.020440677,0.030356397,0.026812739,0.014400975,0.054954005,0.023944002,,
11/30/2004,0.061112034,0.041220948,0.029924634,0.048773275,0.039597657,0.04214073,0.029574549,0.078554332,0.058915321,0.017535469,0.141937037,0.061757605,0.078633169,0.106841997,0.069579208,0.077139394,0.079614586,0.091243352,0.133505068,0.071680603,0.061760816,0.030597619,0.05069466,0.016495432,0.042865282,0.035086346,0.046634414,0.053902922,0.033008002,,
12/31/2004,-0.019675896,0.047219062,0.040318531,0.028584361,0.025719535,0.026379908,0.042759243,0.013891971,0.027427747,0.057078699,-0.026856781,0.015066128,0.032984934,0.033871666,0.01036773,0.047238075,0.045614435,0.033594848,0.023829521,0.015424627,-0.024106266,0.040396053,0.047402239,0.059137225,0.041057076,0.032586507,0.033612263,0.026551672,-0.003127003,,
1/31/2005,0.027391061,-0.041574793,0.012137094,-0.052387505,-0.069253731,0.020451952,-0.021624493,-0.030949046,-0.026929719,-0.031592728,0.03507299,-0.052229748,-0.083903892,-0.056737928,-0.010009391,-0.036543808,-0.036253974,-0.006616064,-0.026041499,-0.024794965,0.027956285,-0.029578481,0.006134669,-0.032074308,-0.030045362,-0.025297764,-0.025826857,-0.053831836,-0.029479997,,
2/28/2005,0.187169655,-0.00420112,0.001567078,0.000836583,0.00679923,0.021563101,-0.005269191,0.079098342,0.008212255,0.031297028,0.132241352,-0.010118817,-0.005281897,0.041394888,0.029151821,0.012811486,-0.019475385,-0.005158572,0.061270664,0.067782403,0.185969349,-0.004630453,0.008884237,0.028365033,-0.01022448,0.012207184,0.014008343,0.004255678,0.000413,,
3/31/2005,-0.036010476,-0.011852943,-0.006870748,-0.022930499,-0.015927625,0.011298445,-0.038009745,-0.026666109,0.003132832,-0.004723981,-0.039702348,-0.029373008,-0.034278159,-0.045708228,-0.011218021,-0.006413854,-0.043411139,0.009226462,-0.048194084,-0.031687469,-0.035125136,-0.034357542,-0.004994089,-0.000142493,-0.011553036,-0.001150335,-0.000614934,-0.02388644,-0.001845001,,
4/29/2005,-0.052999774,-0.064617783,-0.009247209,-0.039448569,0.009322802,0.031264885,0.00105084,-0.070147521,-0.030278695,0.033970329,-0.090484671,-0.029636578,-0.089889141,-0.068851915,-0.018109269,-0.070868751,-0.014548958,-0.05055902,-0.094745275,-0.0738664,-0.055387445,-0.002145263,0.004146259,0.034172796,-0.055881526,0.008284522,-0.031391562,-0.041136197,-0.020535002,,
5/31/2005,0.017619355,0.058974823,0.021570796,0.078134274,0.011930725,0.001637623,0.027440113,-0.008371878,0.024200227,0.010334551,0.049293539,0.044964685,0.100516094,0.087985628,0.047236984,0.076581904,0.058492826,0.076853699,0.042532825,-0.00042308,0.018915716,0.026502146,0.022432569,0.011749725,0.05475141,0.006730368,0.036461414,0.08343432,0.020909005,,
6/30/2005,0.058285956,-0.000478911,-0.018239036,-0.017319052,0.014072008,0.058271149,0.014324247,-0.018144503,-0.026593196,-0.003187592,0.117482412,0.051395651,0.004789581,0.01712946,0.070323815,0.031378742,0.041878348,0.03898739,0.01075809,-0.010274972,0.055116619,0.017295461,-0.024644561,-0.002113909,-0.002381333,0.029888984,-0.02595344,-0.01718827,0.019334999,,
7/29/2005,0.057850689,0.056093638,0.030917175,0.05861173,0.039879985,0.022381556,0.015753742,0.053586698,0.033288211,0.023124284,0.109215633,0.047656166,0.073956513,0.098220482,0.031699961,0.039823414,0.059511276,0.031575003,0.099665781,0.058205037,0.059876631,0.017515921,0.033972178,0.024560619,0.046400604,0.0242715,0.04182262,0.062238275,-0.005443002,,
8/31/2005,0.054204352,-0.033767581,-0.014376463,-0.001945334,-0.034743929,0.00891162,-0.017472878,-0.040220038,-0.022300959,-0.00277564,0.075799495,-0.035064715,-0.019267803,-0.027747061,-0.01022196,-0.040308595,0.008890748,-0.062724941,-0.010645262,-0.032999345,0.05364325,-0.020131943,-0.002365256,-0.002942505,-0.036760198,-0.008743018,-0.020691451,-0.00476949,0.008662001,,
9/30/2005,0.060355124,-0.028608801,0.014416554,0.002891509,-0.01419853,0.039901686,0.009245055,0.007798553,0.013704053,-0.006151471,0.082844824,-0.004298071,0.011077976,-0.004062068,-0.001011511,-0.030160912,0.000777565,0.013257709,0.026434772,0.006167947,0.069970149,0.00710361,0.017969273,-0.006784579,-0.018477783,0.011713509,0.006709697,0.007950906,0.003622,,
10/31/2005,-0.093433206,-0.019680282,-0.002708577,-0.021929653,-0.012255212,-0.063298619,0.031581263,0.005174343,-0.011175534,-0.029441529,-0.100815535,-0.005229019,-0.039007571,-0.02186149,-0.039185112,-0.020108341,-0.052450016,-0.049706213,-0.037710076,-0.006817628,-0.101153814,0.023439382,-0.016003321,-0.02739586,-0.002946871,-0.049332887,-0.017079663,-0.024586217,-0.001354997,,
11/30/2005,0.016566234,0.040326841,0.008483101,0.064429388,0.049117421,-0.00205015,0.046881362,0.074479432,0.057724442,0.010669253,-0.000369004,0.036178937,0.077788465,0.049930305,0.011971504,0.05091022,0.050378825,0.020524891,0.067705509,0.053905946,0.006048835,0.043021596,0.006549963,0.012606115,0.041961587,0.013998229,0.063745876,0.059590039,0.028509,,
12/30/2005,0.005275916,-0.007955853,-0.001230176,-0.029185163,-0.036393563,0.011140961,0.002185388,0.029522206,0.004078702,0.034045106,0.006197665,-0.015419747,-0.003098335,0.002121914,-0.024357479,-0.010721991,0.005454072,-0.01912023,0.002703793,0.022741889,0.006291325,-0.000235234,2.32821E-05,0.029982059,-0.007499885,-0.010993744,-0.000383881,-0.02307931,-0.004296002,,
1/31/2006,0.138622087,0.01750674,-0.000166445,0.032009062,0.041374075,0.024576073,0.008981206,0.047080032,-0.004262379,0.014849532,0.189496042,0.057930722,0.11774054,0.1063466,0.051745669,0.046477396,0.09119142,0.037475177,0.153447351,0.053463201,0.12798648,0.013616772,-0.001408533,0.011550372,0.010201817,0.031448823,0.008751806,0.038412734,0.012876001,,
2/28/2006,-0.078108594,0.007143815,0.010421175,-0.00878724,0.065913371,0.011135263,0.020238466,-0.018457719,0.027838428,0.010173987,-0.122962795,0.004063328,0.004850263,0.028237486,0.01315242,0.000541998,-0.004098361,0.011531642,-0.003784356,-0.015519628,-0.087120303,0.017092056,0.010841183,0.009072815,4.57787E-05,0.026936698,0.017982909,-0.004715351,-0.016178,,
3/31/2006,0.038840199,0.004762063,0.005272176,0.018328502,0.031061211,-0.045860833,0.002944133,0.045319192,0.045867457,-0.012312149,0.075348424,0.035276881,0.060492357,0.047538471,0.037302295,0.04749103,0.015936976,0.052960912,0.076402484,0.043061522,0.035575175,0.006681445,-0.00453214,-0.011998229,0.017404281,-0.009569378,0.039070189,0.0212044,0.014995,,
4/28/2006,0.051269186,0.013091608,0.007801232,-0.011449927,-0.021612957,0.015850429,0.043316389,0.035705924,0.02036453,-0.031393217,0.051015491,-0.013760459,-0.007245275,0.011801372,0.009598579,-0.001719198,-0.026826318,0.004840079,0.021138466,0.03691794,0.052974824,0.032205705,0.010310353,-0.031615685,0.001601771,0.006214474,0.016195942,-0.011598399,0.036950998,,
5/31/2006,-0.028405777,-0.015114339,0.005984518,-0.070473926,-0.029830508,0.015875486,-0.036817184,-0.040314984,-0.015819801,-0.019399101,-0.052633303,-0.031255442,-0.098465517,-0.060431614,-0.026465553,-0.049352109,-0.069275832,0.027935045,-0.074440604,-0.038478053,-0.031844635,-0.038384653,-0.006432675,-0.020696506,-0.021589327,-0.004801082,-0.025836036,-0.070172187,-0.007562001,,
6/30/2006,0.020903831,-0.002524498,0.015130941,-0.016484336,0.047519217,0.024130535,-0.006162944,0.001766715,-0.004045135,0.000313631,0.035488332,0.021780085,-0.00780277,0.015902208,0.001414761,-0.017265804,0.001894449,-0.003244882,0.003925167,-0.004279654,0.021595427,-0.004111317,0.012787074,0.00079689,-0.002910874,0.033401264,-0.011681975,-0.02057,-0.014443001,,
7/31/2006,0.050253943,-0.033600853,0.019650933,-0.037667392,0.050422504,0.049106141,0.024804645,-0.034566546,-0.052773621,0.054964667,-0.000233711,-0.006066108,-0.056132977,-0.074517906,0.040410878,-0.048431509,-0.030026555,-0.015666831,-0.050027927,-0.038246396,0.046104095,0.014885774,0.034070968,0.047157476,-0.054427407,0.042126256,-0.052798188,-0.026779396,-0.019558997,,
8/31/2006,-0.037872232,0.019986216,0.036951429,0.084139979,0.01148452,0.028448184,0.011577475,0.030364537,0.013963723,0.030016917,-0.019419259,0.015484392,0.061204135,0.014649289,0.035116505,0.023465947,0.052697736,0.065013762,0.023304603,0.015116776,-0.037098095,0.010454283,0.047428042,0.023501714,0.023043584,0.018014647,0.01411416,0.081070322,0.001879998,,
9/29/2006,-0.027599951,0.065101351,-0.00039159,0.040177669,0.040969025,-0.016603695,0.041699803,0.000354582,0.040173603,0.014293641,-0.087405919,0.012319942,0.010481046,0.009963958,-0.003990125,0.038057587,-0.012881747,-0.010419327,0.004243983,-0.005436031,-0.040943831,0.038151648,-0.016822371,0.012510918,0.056416066,0.011562697,0.035635821,0.043413188,-0.002310997,,
10/31/2006,0.045286372,0.064674723,0.019767967,0.041307091,0.042020608,0.054071202,0.024263949,0.059115435,0.023349738,0.004945404,0.075382979,0.03633784,0.054013172,0.05543856,0.044158671,0.0678691,0.069749562,0.028552258,0.081192136,0.062522453,0.051761238,0.02464064,0.017634533,0.004081509,0.059405048,0.049750314,0.027899418,0.029595452,0.007269998,,
11/30/2006,0.083629739,0.012572246,-0.009485535,0.03276856,-0.003280112,0.023876404,0.006222049,0.044474193,0.023627192,-0.002983125,0.062915344,0.017285953,0.021803077,0.029526534,0.019244751,0.021009161,0.017364139,0.049748597,0.043176023,0.035127335,0.083733759,0.007743213,-0.000557302,-0.004604905,0.012853121,0.008426216,0.02214354,0.034326564,0.022005,,
12/29/2006,-0.018557361,0.022890432,0.024880668,-0.013223911,0.046508251,0.011365863,0.038615137,0.007405298,0.011183455,0.012164759,-0.043438515,0.004089632,-0.002268128,0.00162302,0.009874697,0.013017463,-0.007931051,0.039446261,0.002340381,0.001434871,-0.020455853,0.031181155,0.029395674,0.009282685,0.008423616,0.0262443,0.008771117,-0.009816827,0.000475001,,
1/31/2007,-0.018369877,0.027814531,0.019823019,0.015773316,0.039030707,-0.002938707,0.008852988,0.04597823,0.013433326,0.030941849,-0.017372607,0.00233578,0.00892701,0.014173649,0.006152825,0.025289497,0.035006599,0.044461205,0.037738236,0.052746229,-0.014101955,0.011913049,0.016403998,0.031541136,0.03676097,0.015825537,0.011715558,0.016609242,0.009827996,,
2/28/2007,-0.019478145,-0.029524529,-0.016611959,-0.030357217,-0.006631654,0.052890688,-0.029814505,0.02226577,-0.011336739,-0.022645932,-0.01111497,-0.031183668,0.018346,-0.000845865,-0.016882348,-0.002733828,-0.02659389,0.006992022,0.009399038,0.023801357,-0.018448867,-0.030084561,-0.024415015,-0.023113835,-0.016041836,0.00753549,-0.01441134,-0.032073323,-0.012028997,,
3/30/2007,0.061154615,-0.004902244,0.018779206,0.005752502,0.039473095,0.041066814,-0.00736587,0.019004495,0.008946573,0.002698246,0.039515279,-0.010251188,0.020032338,0.004486878,0.011950032,0.011120675,0.004193722,0.07098258,0.016690458,0.01680645,0.060068417,-0.009698899,0.021614323,0.002371368,-0.00076741,0.035509533,0.005018278,0.003432518,-0.018720002,,
4/30/2007,0.052215443,0.025182566,0.033361823,0.054147713,0.007844828,0.0420471,0.041363462,0.019752846,0.047433496,0.071802319,0.046663288,-0.006485198,0.01887973,0.040379447,0.016195812,0.013039071,0.021340891,0.013358483,0.043017604,0.027306838,0.052770628,0.035848578,0.031912103,0.064551632,0.023007288,0.021154002,0.047907428,0.056955537,0.014577002,,
5/31/2007,0.071787476,0.028690957,0.01293044,0.040133975,0.096484475,0.006975557,0.023017041,0.056806616,0.046716268,0.015422935,0.06503422,0.027970265,0.034603323,0.052322703,0.00104578,0.056144639,0.017485987,0.019999194,0.064583269,0.058894131,0.070844784,0.02275314,0.015633708,0.016357679,0.025053509,0.044469169,0.043277932,0.041410994,0.011664999,,
6/29/2007,0.017647725,-0.01706419,-0.01894393,0.006555064,-0.02601607,-0.050658932,-0.041463195,-0.006019382,0.001093568,-0.035342138,-0.00121247,-0.040624917,0.008776998,-0.006072944,-0.032961982,-0.020978862,-0.013970542,-0.024109901,0.006954576,-0.010953684,0.003264664,-0.042593955,-0.01799226,-0.035785699,-0.012925695,-0.035423518,-0.00855632,0.006389223,0.017794002,,
7/31/2007,0.007557411,-0.058007883,-0.022278326,-0.004442825,-0.022345921,-0.037492955,-0.077965307,-0.022436868,0.010241005,-0.043350014,-0.062047617,-0.111207069,-0.052031194,-0.046961326,-0.05137889,-0.080077765,-0.029893942,-0.075015178,-0.049369717,-0.015422006,0.00207439,-0.076446955,-0.023654776,-0.039383035,-0.049135686,-0.034936412,0.008046929,0.001478961,-0.010495001,,
8/31/2007,0.008384789,0.00379867,0.025850572,0.028769293,-0.000778274,0.022928287,0.015440416,-0.005141707,-9.01084E-05,0.025453463,-0.008509675,0.055004936,0.023843416,-0.001417671,0.02982763,-0.007274,0.051726742,0.046347184,-0.001910297,-0.010937406,0.003160331,0.010012644,0.032671995,0.024257366,0.003420081,0.004150508,-0.003865569,0.03107797,-0.01724,,
9/28/2007,0.080739726,-0.008869442,0.044893782,0.03788281,0.045461999,0.03548941,0.022583122,0.078645039,0.047919436,0.030047279,0.063374996,0.008547072,0.027548076,-0.003228198,0.016410411,-0.005671446,0.039604671,-0.017061992,0.029849531,0.054520737,0.080795116,0.02194273,0.056256684,0.029649797,0.015006991,0.029087226,0.040649175,0.035977675,0.040004998,,
10/31/2007,0.0107993,0.00047727,0.018107214,0.071457352,-0.007999059,0.066771406,-0.018101689,0.040929427,-0.005396225,0.019467316,0.074328679,-0.007744066,0.052313187,0.03021836,0.054772702,0.021942702,0.043984699,0.014882067,0.025326717,0.041907987,0.016802559,-0.013825359,0.014912184,0.016854404,0.028771467,0.008542802,-0.004740103,0.062428913,0.018880002,,
11/30/2007,-0.037468964,-0.05509839,0.029797967,-0.079898088,-0.072492984,0.005591011,-0.07738214,-0.048942129,-0.035319802,0.011255924,-0.083597566,-0.062119438,-0.101279071,-0.063744915,-0.051606621,-0.095632594,-0.037781104,-0.045005995,-0.068453529,-0.05858834,-0.040763572,-0.075608653,0.028216152,0.0058684,-0.05110877,-0.037236824,-0.038873537,-0.082369113,0.008488,,
12/31/2007,0.073295292,-0.047930077,-0.009569499,0.015172434,0.031621564,0.002603672,-0.054377399,0.01087527,-0.005870622,-0.030287053,0.060129986,-0.026612865,-0.009856847,0.017926507,0.00043504,-0.029617626,0.027196383,0.002976164,0.016311323,0.015006915,0.072969221,-0.049374062,-0.013628305,-0.029938992,-0.035785255,0.007386019,-0.012963292,0.018030021,0.012780999,,
1/31/2008,-0.109183822,-0.012759752,-0.051980829,-0.124943785,-0.091006734,-0.068412368,-0.003448736,-0.039341236,-0.0441319,-0.048148372,-0.095282201,-0.009266727,-0.135160792,-0.076652284,-0.080525647,-0.060700493,-0.074818205,-0.062182697,-0.071285999,-0.061527014,-0.106091865,-0.010352699,-0.063153941,-0.046584531,-0.043235427,-0.07799991,-0.040540077,-0.121846709,0.018795,,
2/29/2008,0.070010492,-0.039109709,-0.001882378,-0.039993433,-0.096027995,-0.049073698,-0.112443119,0.020836461,-0.026598128,-0.022573411,0.094315707,-0.076219239,-0.061070259,-0.013569091,-0.081893249,-0.044366695,-0.052187913,-0.008036214,0.016996359,0.018163845,0.070525101,-0.105257567,-0.000668194,-0.021892592,-0.045424514,-0.063422145,-0.031359383,-0.037259423,0.055150999,,
3/31/2008,-0.026296688,-0.007860811,0.03351564,0.009517145,0.049821527,0.016672774,-0.027250598,-0.01111732,0.032387781,-0.048959979,0.010825339,0.014892492,0.001882888,0.028394047,0.015247515,0.002077962,-0.036539049,0.038107246,-0.013585492,-0.015968851,-0.02735235,-0.027341193,0.023364218,-0.042318318,-0.006987637,0.019197553,0.025470133,0.008252941,-0.00552,,
4/30/2008,0.108694515,0.042679062,-0.002163656,0.069233939,0.048079686,0.052802307,0.065373372,0.054575737,0.01386738,0.01529393,0.108313379,0.01451767,0.059034303,0.044182055,0.059465219,0.031823026,0.024424789,-0.001930589,0.0622281,0.062979825,0.112250121,0.06163142,-0.016418384,0.01215482,0.062710651,0.051341998,0.012953624,0.060605128,-0.003906997,,
5/30/2008,0.034515707,0.006079027,0.013976697,0.05618082,0.033765878,0.033550154,-0.060863058,0.048028654,0.010275637,0.020219228,0.162928795,-0.007060817,0.074015932,0.044183081,0.024309181,0.024623768,0.027052374,0.01847143,0.094392821,0.046031577,0.037610391,-0.047640649,0.021143134,0.020437085,0.008867686,0.038133618,0.007995811,0.065370571,0.014647997,,
6/30/2008,0.022805277,-0.1210809,-0.064462938,-0.092379241,-0.115138122,-0.007728829,-0.183665339,-0.055246091,-0.12235127,-0.046536155,0.139782985,-0.138057354,-0.092147072,-0.095284623,-0.064922435,-0.118867427,-0.058619748,-0.108337049,-0.059726192,-0.075700157,0.026731783,-0.173064392,-0.070675155,-0.046750319,-0.109448749,-0.064607556,-0.11960206,-0.091955571,0.020066001,,
7/31/2008,-0.139444141,0.004926861,0.034232051,-0.012491105,-0.058891109,-0.061422054,0.071444065,-0.040617523,0.01814053,0.050581864,-0.1726,0.07678,0.03258,0.06012,0.0291,0.030814,0.11478,0.04396,0.02509,-0.04481,-0.148941,0.059254,0.03671,0.0488608,-0.013,-0.05525,0.01685,-0.0055511,-0.029392999,,
8/29/2008,-0.005428094,0.072096382,0.02649518,0.021844713,0.036091503,-0.014018969,-0.010805476,-0.025948578,0.0193555,0.02039921,0.005982596,0.045125281,0.049574851,0.012375957,0.028374308,0.046246947,0.028463015,0.036524388,0.033323903,-0.028737738,-0.01106915,-0.00371299,0.024394479,0.016805853,0.047021277,0.009335803,0.01548901,0.023216376,0.001796999,,
9/30/2008,-0.119600896,-0.077918395,-0.012814859,-0.127158214,-0.126018134,-0.114046953,-0.048912765,-0.170354792,-0.1188572,-0.062575236,-0.226070764,0.017922994,-0.121372616,-0.128815549,-0.046215629,-0.076555468,-0.056048355,-0.007614893,-0.160604201,-0.196552914,-0.136586551,-0.049702413,-0.02559322,-0.063356374,-0.078274838,-0.120431641,-0.124375363,-0.136966501,-0.002561,,
10/31/2008,-0.179449623,-0.191880358,-0.109157798,-0.177881449,-0.082937694,-0.117022359,-0.224837269,-0.220728168,-0.188663089,-0.116948336,-0.330094073,-0.178797772,-0.215021581,-0.210355191,-0.12969219,-0.280263916,-0.180817741,-0.091055548,-0.233711606,-0.266746267,-0.187347423,-0.225437221,-0.11600085,-0.121880753,-0.191974972,-0.116199492,-0.194775319,-0.173630786,0.034472002,,
11/28/2008,0.007717135,-0.095432921,-0.018288546,-0.112242674,0.065000639,0.030548724,-0.183906451,-0.108434303,-0.072222613,-0.068062011,-0.209690875,-0.113445021,-0.11112003,-0.117701237,-0.004086604,-0.184836517,-0.10812579,-0.095607897,-0.110651226,-0.113253806,-0.008040099,-0.163173851,-0.020627911,-0.073797554,-0.096614089,0.038258664,-0.080020877,-0.123999057,0.018718999,,
12/31/2008,-0.039936302,0.055380246,-0.003275142,0.017588026,0.009782152,-0.021104441,-0.002848761,-0.003701549,0.010692754,0.068100758,-0.069520598,0.070467626,0.026082899,0.077846518,0.004011933,0.082986771,0.090110029,0.004134806,0.061540747,0.032270045,-0.041217702,0.006244289,-0.013260261,0.06523952,0.045174745,-0.009887868,0.012570917,0.02618978,0.012764002,,
1/30/2009,-0.03147772,-0.105596253,-0.074912577,-0.030513853,-0.099132295,-0.00647545,-0.263090568,-0.071652248,-0.125980116,-0.012443911,-0.056942081,-0.194910223,-0.066079941,-0.12737139,-0.05154827,-0.10829488,-0.043749637,-0.071040162,-0.137835611,-0.097781331,-0.028222353,-0.232569375,-0.05658179,-0.013066186,-0.105530404,-0.054749219,-0.125151131,-0.025720658,-0.001979,0.011172721,-0.003096131
2/27/2009,-0.12028556,-0.084744818,-0.071430899,-0.040566984,-0.027972028,-0.124103822,-0.181055433,-0.084614945,-0.171781774,-0.124950469,-0.207705417,-0.14352496,-0.056855662,-0.159868775,-0.115301517,-0.069105093,-0.132048918,-0.083771541,-0.168202391,-0.092870752,-0.123124757,-0.154841614,-0.085838299,-0.120990667,-0.066859481,-0.091989449,-0.170930664,-0.042490591,-0.001966003,-0.002282047,0.005390281
3/31/2009,0.037863377,0.122724782,0.041410774,0.121357396,0.060540247,0.025124748,0.179396594,0.152645057,0.093029282,0.064633962,0.061068702,0.080864198,0.113205662,0.060166298,0.058651942,0.142037439,0.065222253,0.055311817,0.107546229,0.142065159,0.038836595,0.152136148,0.033367435,0.06453469,0.111382221,0.040272766,0.082635388,0.124227287,-0.014895999,-0.022606791,-0.029680248
4/30/2009,0.048431968,0.18646641,0.032788543,0.120849547,0.035709715,0.006276687,0.223580158,0.151882959,0.178520626,-0.00737254,0.219007115,0.122456341,0.181950096,0.211724176,0.018044573,0.276750916,0.041833976,0.084202065,0.215345469,0.166349464,0.060724242,0.194431942,0.037328967,-0.00338821,0.15915564,0.017387342,0.173441989,0.123179731,-0.007111001,-0.009782874,-0.024597921
5/29/2009,0.106782455,-0.009688328,0.056480031,0.026367052,-0.012728621,0.037340349,0.132833921,0.058189858,0.030778515,0.068616809,0.211027422,-0.011916557,0.056890813,0.009391304,0.00348704,0.007857371,0.042774013,0.046871018,0.051697481,0.059825456,0.107330106,0.107087067,0.066550834,0.063416,-0.004427893,0.016931278,0.030882965,0.023828579,0.027478002,0.018844713,0.00492545
6/30/2009,-0.04600603,0.005445316,0.006423917,0.040611385,0.011328076,0.055507833,-0.020962095,-0.046143587,-0.021311475,0.026464927,-0.132952801,-0.016179739,0.048331856,-0.003026399,0.047306621,0.00941156,0.087909168,-0.00979329,-0.010305963,-0.048507915,-0.051282929,-0.021471538,0.007835624,0.027646636,-0.000115689,0.032744733,-0.01440457,0.044002095,-0.011202002,-0.00306801,-0.031233154
7/31/2009,0.044017135,0.094731045,0.063706386,0.091731195,0.050374404,0.038792435,0.088645594,0.13333644,0.09308447,0.059039533,0.097195913,0.100796121,0.091773092,0.076791296,0.045756723,0.128839253,0.0774859,0.062302337,0.144780207,0.130870348,0.048098652,0.085493924,0.063335951,0.055147536,0.093744376,0.035723129,0.088493763,0.089778506,-0.002716,-0.001400706,0.001875056
8/31/2009,0.007859657,0.034881771,0.009577936,0.025547552,-0.023743593,0.007871666,0.13000811,0.021588946,0.045242265,0.023582934,0.018453004,0.045608108,0.003170252,0.023766991,-0.007559704,0.051783924,0.008336167,0.018252015,0.063376855,0.026222287,0.001964951,0.118698455,0.004977894,0.021156947,0.035285268,-0.008406933,0.038226145,0.022254024,0.004675001,-0.001667013,0.015699926
9/30/2009,0.046609249,0.053151839,0.037005286,0.044950112,0.029571515,0.013880663,0.020383263,0.049591434,0.067683608,0.010450702,0.167708768,0.018225334,0.099385684,0.058671974,0.024548445,0.063063842,0.042644294,0.024888163,0.050714967,0.051558828,0.054393392,0.020462769,0.039242421,0.013843679,0.048501362,0.020077148,0.065902978,0.047641685,0.009604999,-0.000448832,0.024015476
10/30/2009,0.032449347,-0.024080628,0.012455222,-0.003561374,-0.035932005,-0.030338432,-0.059787578,-0.052885906,-0.046065322,-0.022278228,-0.065897192,-0.065896484,-0.081037492,-0.063146238,-0.043200559,-0.064571496,-0.088915896,-0.021703191,-0.06381177,-0.054438998,0.024294824,-0.054638945,0.00764642,-0.025446821,-0.026539761,-0.043854466,-0.04518474,-0.007609794,-0.010282999,-0.002848907,-0.029379216
11/30/2009,0.032199729,0.069136776,0.040008709,0.051908909,0.064935855,0.04811747,0.044437795,0.115605766,0.090616218,0.093040222,0.012254465,0.027893459,0.02866847,0.014871421,0.020768334,0.022572622,0.051421625,0.014302054,0.069983202,0.108528842,0.026879154,0.04184786,0.030862188,0.085679322,0.067385235,0.050136636,0.084636451,0.048958414,0.023869998,-0.005374589,0.051719179
12/31/2009,-0.009246642,0.045421029,-0.002643149,0.056166415,0.046417357,0.05539191,-0.015435857,0.016115567,0.012947018,0.020801815,0.122067855,0.050307229,0.099645735,0.094191416,0.072998005,0.085392195,0.072991805,0.067393358,0.066915441,0.021036174,-0.002722942,-0.005462945,-0.001480137,0.022045829,0.03450432,0.051953656,0.017535443,0.063948396,-0.015388999,-0.020956206,-0.030902965
1/29/2010,-0.044978223,-0.028882776,-0.010758049,-0.084293899,-0.082005674,-0.049319265,-0.013968208,-0.086086801,-0.011633679,0.004903777,-0.043739626,-0.008285941,-0.062607235,-0.053741614,-0.0544878,-0.027007201,-0.026756682,-0.030170075,-0.065887919,-0.078457576,-0.044905913,-0.017515706,-0.013874615,0.00467875,-0.02475068,-0.069016098,-0.018163772,-0.086741532,-0.018237,-0.012350083,-0.038325623
2/26/2010,0.023505409,0.054690053,0.02785072,0.042150482,-0.012540862,-0.012495077,0.035193861,0.044205589,0.050378229,0.002776091,0.052941452,0.03437254,0.057539528,0.047690054,0.007912598,0.078191417,0.01679322,0.044700248,0.034583041,0.050876901,0.019949431,0.031482346,0.028430272,0.003780067,0.049259913,-0.013379088,0.048751516,0.04586787,0.000512,0.007767628,0.019739229
3/31/2010,0.029414721,0.078263265,0.040747336,0.067884227,0.055555556,0.027517946,0.088913439,0.07804312,0.089200335,0.026126828,0.016908374,0.072016087,0.071596914,0.071924393,0.059713277,0.11705271,0.089411153,0.056530398,0.099461232,0.077939253,0.028913721,0.088333055,0.037963459,0.029947383,0.075279085,0.040884546,0.084584428,0.06277428,0.012832002,-0.003668974,0.048982645
4/30/2010,0.044456016,0.060959254,-0.013811059,0.017857918,-0.001140446,0.026322289,0.01348344,0.004687337,0.041537491,-0.03831886,0.072029443,0.056326236,0.03853985,0.065642507,0.041734521,0.079919769,0.026190097,0.03843555,0.08563789,0.012948566,0.04644103,0.019995654,-0.015011125,-0.033082187,0.045683839,0.010804556,0.038016309,0.020090689,0.003731999,0.007058354,0.020250222
5/31/2010,-0.113841025,-0.070007524,-0.04598597,-0.081030809,-0.038933607,-0.05607316,-0.091642986,-0.094657174,-0.095303322,-0.067242362,-0.137158738,-0.07928689,-0.065475452,-0.071785343,-0.074423737,-0.069703245,-0.075263534,-0.056662414,-0.090412222,-0.090337019,-0.118689847,-0.092203574,-0.046739483,-0.0700801,-0.073043889,-0.05510464,-0.094364057,-0.076722202,-0.011589002,0.011933604,-0.045035055
6/30/2010,-0.057297069,-0.09689634,-0.023640101,-0.061861644,-0.002435402,-0.006373835,-0.05862069,-0.068977364,-0.069413306,-0.016659617,-0.075738916,-0.073485666,-0.056528282,-0.076347922,-0.022055901,-0.138661303,-0.05601797,-0.033953839,-0.103120921,-0.077353903,-0.058740659,-0.067938554,-0.02566538,-0.020296106,-0.091323813,-0.01295961,-0.070374266,-0.06287442,0.003548002,-0.000992421,-0.005438293
7/30/2010,0.0807721,0.078193872,0.060490728,0.071913235,0.093843039,0.075620395,0.066727087,0.123411234,0.10353243,0.013477025,0.092015579,0.05614555,0.077478796,0.085208368,0.068055085,0.085055093,0.023865241,0.061566358,0.085664798,0.116951359,0.079625786,0.064992077,0.057772624,0.008602941,0.078247945,0.076875336,0.09564731,0.072376423,-0.001080999,-0.00408039,-0.016206242
8/31/2010,-0.04298459,-0.038488384,-0.014482794,-0.07016304,0.022482308,0.014790076,-0.078058624,-0.02649635,-0.070144599,-0.014877514,-0.072576671,-0.071022126,-0.05624249,-0.098969775,-0.023430812,-0.112861607,-0.062105811,-0.073085467,-0.057888323,-0.030937101,-0.048299684,-0.070692314,-0.01303829,-0.017463788,-0.03894539,0.011424034,-0.073838585,-0.072312731,0.016602999,0.015278894,0.054463828
9/30/2010,0.092012261,0.110961319,0.058550066,0.121449237,0.081456636,0.029283364,0.060860884,0.07749119,0.113977314,0.090302044,0.145961947,0.072328439,0.168495059,0.137023806,0.054912231,0.159731391,0.122236618,0.060830875,0.129946493,0.081094398,0.094682589,0.063659102,0.049352743,0.091202675,0.11326546,0.049485267,0.117044999,0.121467119,0.020936998,-0.006090758,0.026392544
10/29/2010,0.056519657,0.053766452,0.030107842,0.064727313,0.010239748,0.011256117,0.01436948,0.066525173,0.026441123,0.021292943,0.053164948,0.031433394,0.067732638,0.050038985,0.027155402,0.028481826,0.013047223,0.014670939,0.064619868,0.065025066,0.052963959,0.015081556,0.032456584,0.018970962,0.053781073,0.006406776,0.034194265,0.062926802,0.022448,-0.004971077,0.049454268
11/30/2010,0.054933892,0.026072578,-0.011724301,-0.016416519,-0.014278057,-0.030262946,-0.006743979,0.011255016,0.011066667,-0.028737238,0.119263747,0.002167528,0.035178927,0.047818206,-0.002716659,0.065928566,0.003608704,0.014831373,0.045525642,0.010559702,0.056540236,-0.009810651,-0.0152509,-0.027440007,0.025223161,-0.024432935,0.010681444,-0.013734174,-0.015337998,-0.013820949,-0.038789083
12/31/2010,0.089894965,0.041697842,0.042300779,0.052631983,0.077961242,0.030841401,0.107343009,0.103619588,0.077409996,0.044812782,0.108297434,0.082847595,0.070795828,0.074826742,0.035593034,0.055826495,0.104176993,0.062776428,0.09206085,0.095825238,0.090321798,0.092963885,0.040961103,0.047120211,0.037304222,0.04962273,0.07447345,0.058294811,0.035404999,0.007688641,0.056680326
1/31/2011,0.073264554,-0.006574767,-0.015635778,0.042272754,-0.027837652,0.011554351,0.028386971,-0.000584624,0.042986536,0.005040984,0.04699858,-0.003385531,0.024104343,0.002976681,-0.006305304,-0.038518256,-0.00990002,-0.038243906,-0.015967876,0.005091719,0.071718634,0.027202473,-0.022037739,0.007757445,-0.001133632,-0.007856039,0.039773522,0.040335444,-0.005012,-0.004301034,-0.011494417
2/28/2011,0.071771426,0.059508912,0.024877365,0.019415176,0.024389093,0.0131453,0.028486703,0.026791459,0.024433178,0.031379739,0.109728342,0.038008678,0.081014703,0.04082481,0.030831217,0.049107511,0.046532907,0.055627769,0.04989037,0.024786847,0.066798346,0.029638427,0.034489312,0.031148926,0.047730968,0.015222856,0.022261705,0.015401929,0.010503,-0.003686506,0.018594543
3/31/2011,0.015349892,-0.005144222,0.01622792,-0.026127438,0.052820631,0.00255086,-0.02576529,0.01871475,0.017824822,0.018941561,0.037541272,-0.006004672,0.016102303,0.037310175,0.013019137,0.023739343,0.05102515,0.039467609,0.051480947,0.018934963,0.017214313,-0.021906973,0.015650561,0.018047821,-0.00432518,0.025537306,0.019428239,-0.027546662,-0.011181001,-0.01866998,-0.04077195
4/29/2011,0.014873436,0.039598997,0.052504093,0.029439524,0.017496282,0.040238731,9.44525E-05,0.021586556,0.027529544,0.065153308,0.00535524,0.018589021,0.02186097,-0.006652818,0.036849953,0.035501284,0.069944168,0.020091182,0.036988288,0.020781443,0.012815505,0.004870494,0.049320402,0.062791266,0.043532271,0.023597951,0.02740736,0.028609649,0.029736998,-0.003124208,0.047410022
5/31/2011,-0.042269188,-0.003045222,0.025038357,-0.016272313,0.016421632,0.021409591,-0.032236739,-0.027480498,-0.027076761,0.02421116,-0.043450372,-0.021586987,-0.033041783,-0.027907228,0.014399482,-0.004383289,0.00445478,0.018625901,-0.046720022,-0.022586223,-0.04780153,-0.025954409,0.028196415,0.018861487,-0.003231125,0.014383789,-0.029950218,-0.016572196,-0.027065997,-0.001086468,-0.050086261
6/30/2011,-0.018798568,-0.001858168,-0.024385173,-0.02607369,-0.012645914,-0.001034738,-0.027975668,-0.002307844,-0.006372152,-0.011212823,-0.03336832,-0.029323484,-0.033204485,-0.008484556,-0.007646913,-0.012672793,-0.035459262,-0.007672634,-0.03131777,-0.006414709,-0.019704652,-0.029684434,-0.027750501,-0.015322335,-0.006638973,-0.00769575,-0.010319383,-0.030075894,-0.017078,-0.001516193,-0.033421155
7/29/2011,0.007053339,-0.014076964,-0.014660132,0.016057541,-0.056928679,-0.009203906,-0.036109903,-0.033005162,-0.069795373,-0.03866746,0.03450512,-0.020430701,-0.078648058,-0.051015637,-0.03293063,-0.034640297,-0.035678396,-0.031215044,-0.041128926,-0.028916005,0.009418124,-0.034481513,-0.014624373,-0.038097877,-0.018668558,-0.036720056,-0.070475568,0.011755189,0.014035,0.00236167,0.047583031
8/31/2011,-0.096891851,-0.052559427,0.005773972,-0.05983695,-0.01353561,0.022969623,-0.09561836,-0.066717232,-0.064800604,-0.020749536,-0.171683893,-0.071271907,-0.10244333,-0.086042593,-0.002280596,-0.096842791,-0.089066155,-0.046607062,-0.078532863,-0.069768488,-0.103894878,-0.086731448,0.004216596,-0.031147698,-0.055229616,-0.002169792,-0.072200388,-0.066255226,-0.003567002,0.011806157,-0.011756923
9/30/2011,-0.125400851,-0.068415736,-0.033283881,-0.033815404,-0.01123492,0.001897921,-0.114327396,-0.163634659,-0.092135768,-0.044175438,-0.221207321,-0.101593538,-0.095659942,-0.131051735,-0.061383701,-0.11677148,-0.082631024,-0.04915551,-0.166306474,-0.164090843,-0.132394366,-0.110429699,-0.040901849,-0.045493454,-0.070338362,-0.015095678,-0.096182181,-0.03352035,-0.000860998,-0.000571214,-0.010836867
10/31/2011,0.170489238,0.118893415,0.045105758,0.115362722,0.029710347,0.03599219,0.143259645,0.177262025,0.139991966,0.057538945,0.268106935,0.127674733,0.173677351,0.175075694,0.072772985,0.164249544,0.105101199,0.076275635,0.176419321,0.174862202,0.172259983,0.135623148,0.038173025,0.053863726,0.121222623,0.030886505,0.142737276,0.115945105,-0.022725001,-0.003921363,-0.046612609
11/30/2011,0.020184544,-0.006495547,0.026687097,-0.016610047,0.00786903,0.011083605,-0.047507109,0.001269841,0.01024389,0.010334655,0.023166711,-0.00510871,-0.026559627,0.013590716,0.001764609,-0.031066467,0.005179454,-0.011986247,0.015662101,0.006686369,0.017342686,-0.040831778,0.020051504,0.007631673,-0.008940162,0.002829285,0.006671282,-0.020617619,0.001278998,-0.001911473,-0.001282139
12/30/2011,-0.010162393,0.012786038,0.027589495,-0.008742521,0.039711029,0.033720995,0.017673752,-0.021116043,0.011709602,0.029178591,-0.037829835,0.025598073,-0.005253406,-9.37656E-05,0.014036955,0.008380298,0.006533836,0.020273387,-0.014719222,-0.020353993,-0.012250973,0.017464971,0.024771849,0.027370835,0.006728573,0.031652541,0.001792227,-0.012717124,0.002039002,-0.0121536,0.016554704
1/31/2012,0.014952301,0.059114455,-0.015088554,0.07626425,-0.027577575,-0.036308338,0.081279825,0.1117769,0.069690701,0.031019258,0.040095578,0.05609941,0.095783845,0.074821568,-0.003438043,0.078739327,0.080737567,0.006996335,0.120851169,0.110964052,0.014991693,0.070877378,-0.018648,0.035545249,0.058882297,-0.036499532,0.075482099,0.083871464,0.000851999,-0.00179579,0.010623641
2/29/2012,0.058825786,0.046795124,0.035984926,0.074120978,0.03719155,0.007205698,0.049811894,-0.003641661,0.027832773,0.012883592,0.06248042,0.007965389,0.0173316,0.014589554,-0.002578349,0.05513002,0.034991981,0.010405835,-0.002819788,0.003371696,0.055680333,0.049316274,0.044203428,0.012959667,0.047357835,0.016408088,0.023965416,0.069119181,0.008313001,-0.009933623,0.015369787
3/30/2012,-0.033382852,0.045947596,0.034319831,0.050666362,0.012066752,0.013559604,0.075152476,0.00374269,0.012408449,0.044348092,-0.041786791,0.039391873,0.020456705,0.022978951,-0.004514673,0.035577559,0.031377106,0.040664541,0.013417006,0.006575115,-0.034256866,0.063026298,0.025698081,0.041474882,0.040446927,0.009823882,0.011985606,0.0519627,-0.015209001,-0.011449932,-0.022480544
4/30/2012,-0.009646021,0.013221397,0.003019935,-0.018699985,0.053948926,0.018220617,-0.023684379,-0.008943137,-0.010774098,-0.002170617,-0.010752688,-0.001177106,-0.035136159,-0.017475202,-0.019182942,-0.017165934,-0.021234568,-0.000869012,-0.023755457,-0.009558995,-0.010492252,-0.015564654,0.003276848,-0.00055442,0.007027223,0.026287376,-0.008661079,-0.025687262,-0.001962999,0.001184232,0.007231179
5/31/2012,-0.101853371,-0.056670654,-0.010900013,-0.076556293,0.02595475,0.0056693,-0.091422381,-0.077951853,-0.060406137,-0.036031214,-0.164633303,-0.044937308,-0.094226866,-0.075374305,-0.024983686,-0.065468883,-0.040555137,-0.006448275,-0.092081095,-0.082794032,-0.108651355,-0.085592432,-0.024405365,-0.037309411,-0.051273336,0.006859756,-0.066241127,-0.080735412,0.026436997,0.030730724,0.029522084
6/29/2012,0.056919706,0.019046501,0.03697139,0.029795594,0.055522972,0.04053007,0.050364911,0.04848736,0.037607407,0.0578132,0.018762541,0.045119854,0.048381409,0.028848724,0.048608854,0.025262746,0.114216939,0.038480405,0.049688971,0.035278986,0.053511515,0.047464375,0.029200701,0.054848205,0.018335605,0.042370803,0.031648888,0.024246298,-0.022046999,-0.017934734,-0.0474352
7/31/2012,0.041653376,-0.003019059,0.028110137,0.009928026,0.06549361,0.025419812,0.001754265,-0.011979325,0.004197922,0.010581921,0.002578785,-0.000793566,-0.030856887,-0.025441682,0.034019002,-0.010745973,-0.025977824,-0.030964769,-0.024731163,-0.009655091,0.039339885,0.001378879,0.022242971,0.007530964,0.004477221,0.037017337,0.001583253,0.004443457,0.020929001,-0.002415975,0.051768984
8/31/2012,0.023005078,0.044382802,-0.005168332,0.050968419,-0.02513646,-0.041190905,0.032139546,0.024556869,0.014208699,0.010404101,0.026653165,0.022276245,0.046034363,0.022004389,-0.007133724,0.047779186,0.0251829,0.02097535,0.069878472,0.029044553,0.018287732,0.025672522,-0.005450796,0.011803994,0.043013633,-0.035962282,0.01286067,0.051368351,-0.004456003,-0.014806017,-0.020015564
9/28/2012,0.033613131,0.031961045,0.015204083,0.012323064,0.040263909,0.011725993,0.034365747,0.038235117,0.017365647,0.039645824,0.054881537,0.024765749,0.006035091,0.031623726,0.038607055,0.030790929,0.045367399,0.018979904,0.057701437,0.032915361,0.034423379,0.028677844,0.010183676,0.040679086,0.028834251,0.023378829,0.018583636,0.007419897,-0.008561999,-0.012513881,-0.02071788
10/31/2012,-0.019439618,-0.015485587,-0.011648297,-0.067408748,-0.043196544,0.014326278,0.019361894,-0.021205196,-0.00551263,-0.003062201,-0.043031062,-0.005648882,-0.034460959,0.007673306,-0.017538459,-0.015040651,-0.087841409,-0.017602791,0.009727436,-0.011408981,-0.022192814,0.012880903,-0.015220499,-0.008746048,-0.006336122,-0.017645941,-0.006563889,-0.072866546,-0.020871999,-0.013970344,-0.048580433
11/30/2012,-0.014041176,0.032024748,0.016003766,0.011151833,-0.008742699,-0.042753531,-0.008045687,0.016994739,0.01682992,0.005823255,-0.013483937,-0.01006025,0.014617969,0.010877014,-0.036643108,0.019608061,0.006157541,0.006273572,0.016632722,0.015906765,-0.016541956,-0.004011448,0.022454009,0.007131504,0.024591484,-0.030898247,0.015861229,0.00583122,-0.004269002,-0.005956956,0.001148414
12/31/2012,0.005941088,0.004939627,-0.021578375,-0.000174446,-0.009108982,0.000505118,0.047488788,0.031590572,0.025505736,-0.002004072,0.049007567,0.029181929,0.046273305,0.051155242,0.020310439,0.025722866,0.011309941,0.005687577,0.048437873,0.031774278,0.007341341,0.036906246,-0.025179306,-0.004059962,0.001986484,-0.00633257,0.02372964,0.000208152,0.004922001,-0.004839144,0.012745549
1/31/2013,0.076232071,0.056946603,0.058404662,0.013589749,0.032247474,0.048732529,0.059759504,0.038652243,0.056467625,0.074761738,0.064185361,0.062175457,0.058090813,0.065641519,0.046267599,0.059629611,0.078126394,0.059178805,0.050256667,0.03486354,0.076467609,0.058614357,0.060734854,0.073936686,0.058447466,0.039558651,0.06331362,0.010509018,0.014028998,0.020657009,0.02682187
2/28/2013,0.004323265,0.011427549,0.032021612,0.006808966,0.025621091,0.022296544,0.012550143,-0.015053705,0.025138423,0.012841615,0.004595866,0.01548243,0.009700433,0.016637545,0.010960179,0.007300446,0.010901246,0.002519116,-0.00769614,-0.011320517,0.001148225,0.01388718,0.032399583,0.011840111,0.00695881,0.018879242,0.021506672,0.001570592,-0.008567998,0.006138526,-0.009044137
3/29/2013,0.019284853,0.049103985,0.048951282,0.024924012,0.033870857,0.054178646,0.038343992,0.024316361,0.021880544,0.063906417,0.041933091,0.038962028,0.029198225,0.057739547,0.027492675,0.053769472,0.052785315,0.053724454,0.039288443,0.022306567,0.019519712,0.038168802,0.044840358,0.062343137,0.046279454,0.045131163,0.028352775,0.022306865,0.004563,0.008111333,0.018908931
4/30/2013,-0.008536517,0.029986327,0.030931112,0.009100682,0.069755041,0.059481826,0.02790723,0.006721153,-0.00773534,0.02898112,-0.023360684,0.003086395,-0.029186889,-0.03396373,0.04650708,0.025488108,0.01389055,0.026976587,-0.040106409,0.001638562,-0.01098809,0.02423533,0.026164783,0.030632971,0.029075688,0.05672987,-0.007589417,0.005936377,0.008125001,0.012928598,0.038560391
5/31/2013,0.025171235,0.028040442,-0.0226642,0.045533861,-0.073649449,-0.090648855,0.06090092,0.018800406,0.049301114,0.016409447,0.055823642,-0.000592648,0.074108965,0.054652565,-0.036327681,0.068170441,0.042003079,0.039323078,0.039900522,0.024030895,0.020129322,0.044016902,-0.020949037,0.013193127,0.025400331,-0.079207474,0.043010753,0.038111579,-0.015830002,0.001165735,-0.03658518
6/28/2013,-0.019777736,0.008702728,-0.002508282,-0.03622501,0.019203605,0.009590278,-0.016494227,-0.04259502,-0.012561371,-0.007184116,-0.037286687,-0.005645679,0.007203625,-0.007826358,0.001122996,-0.002447431,0.001047085,0.021655718,-0.047402638,-0.043567059,-0.02235887,-0.014912422,-0.005646597,-0.0089558,0.00326834,0.011705604,-0.019114131,-0.038533689,-0.012144,-0.011195077,-0.02868915
7/31/2013,0.050831939,0.052221794,0.040786956,0.041761393,0.002045867,0.042589191,0.053946232,0.056454483,0.056888755,0.072891127,0.074900099,0.058713483,0.077802353,0.069024731,0.070782391,0.053270049,0.094546154,0.072860275,0.072739052,0.049568692,0.052416579,0.047204725,0.03975717,0.074314551,0.052569485,0.024275046,0.060582822,0.0522708,-0.007252002,-0.015666529,-0.00786573
8/30/2013,-0.016694455,-0.028481435,-0.044187813,-0.005181884,-0.041393618,-0.049821487,-0.050220604,-0.000181408,-0.024907241,-0.03489593,-0.011565836,-0.050055944,-0.010966342,-0.033974636,-0.07324812,-0.034525008,-0.02004773,-0.011027905,-0.037952618,-0.009054741,-0.019302403,-0.048574704,-0.042190142,-0.034998538,-0.030051196,-0.048194825,-0.026525098,-0.0024251,-0.008942999,0.00114503,-0.025280315
9/30/2013,0.017656132,0.054447208,0.013306413,0.028770266,-0.004740639,0.011296816,0.027643804,0.044271643,0.056767287,0.031613977,0.077873859,0.04332781,0.067878207,0.083983144,0.029324941,0.057576581,0.068916803,0.069543156,0.071666025,0.045982152,0.021543232,0.030612245,0.007158793,0.030632209,0.056019989,0.003839917,0.056004691,0.028584161,-0.005941001,-0.020792053,-0.005947421
10/31/2013,0.041643824,0.046543786,0.063556065,0.046011659,0.085289245,0.038264814,0.032705086,0.042196187,0.051305906,0.043101737,0.069593355,0.038741222,-0.002391795,0.034202821,0.039186872,0.019352831,-0.005735251,0.015730384,0.041438119,0.041191332,0.042540162,0.034844615,0.064609651,0.039697683,0.039532316,0.052433381,0.04501603,0.042196795,0.006751001,0.001512435,0.025481728
11/29/2013,0.00873056,0.034680553,0.015725033,0.039688725,-0.025506472,-0.019008226,0.045710049,0.013003715,0.035806758,0.047089469,-0.020089784,0.038180755,0.033330266,0.041490291,-0.01079577,0.051699573,0.08029541,0.029107294,0.028181708,0.010452734,0.000155119,0.035472081,0.008286008,0.045751264,0.033453142,-0.024887006,0.03496454,0.031739618,0.005275001,0.012588236,0.027023838
12/31/2013,0.031223465,0.023347005,0.005896363,0.041486343,-0.002741425,0.009238204,0.021684432,0.048173226,0.042526935,0.008258267,0.013302602,0.005790112,0.040076581,0.018384003,0.025155058,0.014062058,0.012226421,0.008521276,0.04081861,0.044546454,0.030674995,0.023795079,0.008503174,0.00714498,0.021725465,0.00731964,0.039869111,0.040547025,0.006174999,0.019280565,0.006461069
1/31/2014,-0.062966895,-0.059135286,-0.051326846,-0.0251421,-0.031416697,0.029972304,-0.036157256,-0.045690061,-0.044813719,0.009351059,-0.042697481,-0.036808935,-0.016414652,-0.042732532,-0.00812679,-0.077566375,0.055853404,-0.043036176,-0.042162414,-0.044477063,-0.061490801,-0.035496877,-0.052195736,0.014171963,-0.055806037,-0.002636246,-0.03986781,-0.018912624,-0.010258,0.024037062,-0.045081397
2/28/2014,0.050681828,0.062430758,0.035688739,0.046325991,-0.010440247,0.033976711,0.031358157,0.069148686,0.039242477,0.061736801,0.080491633,0.032671069,0.049959379,0.048815956,0.024874907,0.05575009,0.04433724,0.045490644,0.049979734,0.065490182,0.049699145,0.032444938,0.04114547,0.059750932,0.062395662,0.01281238,0.034927252,0.043155804,0.010689999,0.002383554,0.006426053
3/31/2014,0.023720513,-0.0276407,0.022923647,0.002703799,0.048210871,0.03376383,0.032229004,0.008134013,0.008790436,-0.012657562,0.032578154,0.005636141,-0.028509711,0.005565167,0.018208905,-0.010156196,-0.05872771,0.0266807,-0.000516688,0.001580698,0.023518469,0.021443316,0.020424468,-0.017753546,-0.026811536,0.037637725,0.007035908,0.004152868,-0.009156001,-0.015156693,-0.0207914
4/30/2014,0.051499611,-0.01357883,0.0292191,0.002874495,0.015407166,0.042489234,-0.015360447,0.008395482,0.015548517,-0.004961828,0.03253625,-0.030132543,-0.069852889,-0.033566725,-0.006294274,-0.039330025,-0.085347947,-0.002562949,-0.026239951,0.003728722,0.051544589,-0.015907891,0.024061822,-0.008757025,-0.01277457,0.023605484,0.011315641,0.000148568,0.000749,-0.010966164,0.010802511
5/30/2014,0.014762462,0.028817738,0.01874494,0.037834661,0.03384339,-0.010470562,0.014403475,0.029928854,0.019369376,0.027843469,-0.020154308,0.005985853,0.01377711,-0.003154533,0.013790791,0.003692149,0.029608501,0.018408537,-0.00602281,0.022919888,0.010546709,0.013697778,0.024015874,0.026928187,0.02087993,0.00770193,0.017804869,0.035147897,0.008149,0.018120487,0.029634448
6/30/2014,0.050534123,0.019869324,-0.001904397,0.02333427,-0.011387613,0.04476409,0.024225611,0.016818191,0.003205926,0.021894163,0.091942672,0.039165643,0.072052007,0.036792416,0.049214509,0.044351753,0.073570152,9.04504E-05,0.050217938,0.018935171,0.050925461,0.020935576,-0.002467799,0.023963452,0.018220906,0.018664326,0.002479883,0.029771903,0.006113003,0.002301713,0.0139263
7/31/2014,-0.033166491,-0.013148678,-0.032312972,0.014645135,0.03681617,-0.067770459,-0.01443897,-0.018997274,-0.040566175,0.001436489,-0.090948035,-0.041539855,-0.060132534,-0.071125521,-0.076399644,-0.068785282,-0.056641697,-0.059563307,-0.067849418,-0.031505396,-0.03568944,-0.014669736,-0.03839979,-0.000381921,-0.015146965,-0.032344826,-0.039044419,0.010493969,-0.000500001,-0.002825773,-0.010664875
8/29/2014,0.022351798,0.044851604,0.046981389,0.039668676,-0.009989708,0.049716723,0.042393421,0.037635767,0.042174905,0.048546751,0.040251852,0.03299438,0.058905128,0.040215153,0.055222917,0.039295511,0.073110495,0.064702429,0.066259885,0.039941803,0.021704212,0.037823168,0.047865198,0.050208701,0.042671437,0.019726367,0.038554169,0.042023737,0.015816,0.014936176,0.055058076
9/30/2014,-0.075512597,-0.027626812,0.006273033,-0.006834922,0.004127935,-0.018617344,-0.003944446,-0.015396787,-0.010770106,0.004278687,-0.168820546,-0.047195911,-0.052240213,-0.070701576,-0.071738947,-0.051342494,-0.046455822,-0.028248292,-0.081721353,-0.027363553,-0.076310005,-0.013337211,0.000323199,-0.000326184,-0.026323027,-0.014096186,-0.018321898,-0.008874786,0.022702998,0.012633746,0.033340576
10/31/2014,-0.028780366,0.02146891,0.03617832,0.017179308,0.009044124,0.080454798,0.029658809,-0.025217875,0.037058346,0.053540721,-0.137132303,0.087625579,0.06144407,0.075417675,0.107475326,0.062704789,0.097791968,0.067067175,0.04729271,-0.018453806,-0.036418096,0.038020526,0.037473288,0.054918011,0.016373231,0.04393107,0.037633569,0.008355895,-0.006354001,0.016805474,0.017654557
11/28/2014,-0.084852922,0.054318243,0.054796123,0.052549569,0.011769676,0.012048422,0.023035505,0.014161013,0.030883252,0.033745369,-0.193771383,-0.006767291,0.015865358,-0.013246683,-0.004951782,0.048335681,0.024971447,0.016674614,-0.013680451,0.015412996,-0.09407605,0.023035297,0.045653718,0.031097777,0.056519879,0.006188076,0.029037498,0.048545903,0.028661999,0.030728492,0.072902744
12/31/2014,0.004973349,0.009703883,-0.010446566,-0.016998751,-0.061295711,0.035149848,0.018124258,-0.006648188,-0.001352321,-0.013155094,-0.063611238,0.021356985,0.041960428,0.024051146,0.038326712,0.022620862,0.042947764,0.048274431,0.026221316,-0.006078408,-0.001015973,0.013282766,-0.011594369,-0.012171365,0.004175156,-0.007069967,-0.002706014,-0.020200448,0.007834002,0.003899989,0.023497952
1/30/2015,-0.048099577,-0.030558567,-0.011017466,-0.038474313,-0.01112135,0.023747566,-0.069029851,-0.018882175,-0.036299572,0.012260784,-0.084549596,-0.041113589,-0.037526939,-0.067596859,0.000231693,-0.035176889,0.023077451,-0.017405295,-0.042269349,-0.0295017,-0.04769191,-0.054727009,-0.013580593,0.014808463,-0.031399681,0.004975637,-0.03376417,-0.036484974,0.030777997,0.031459263,0.051150553
2/27/2015,0.040528017,0.086101676,0.042446061,0.081686817,0.065839787,-0.064008674,0.058554609,0.080446497,0.056192019,0.043236571,0.093551663,0.035543578,0.082320648,0.077529685,-0.01102603,0.057405716,0.07542462,0.007066179,0.074422448,0.074306485,0.041682228,0.05274905,0.045000482,0.042682509,0.077828812,-0.016346843,0.055600531,0.08093286,-0.001582001,0.001114089,-0.002049816
3/31/2015,-0.019192336,-0.004665531,-0.020431328,-0.0330077,-0.036599337,-0.010387983,-0.006113313,-0.047322171,-0.025969971,0.008784324,-0.021938479,0.017956198,0.008377408,0.005257956,0.013116422,0.026975412,0.021436127,0.02891847,0.020820734,-0.037757953,-0.020670607,-0.005447335,-0.024241647,0.011622668,-0.004289282,-0.022719186,-0.019538529,-0.034239451,0.005952001,-0.006021844,0.025970606
4/30/2015,0.066499817,-0.000383166,-0.007618155,0.023355693,0.05870572,-0.004490501,0.001825433,0.030829957,-0.000139375,-0.013399261,0.117517209,-0.020828288,-0.019792136,-0.02734744,-0.015146211,-0.036291613,-0.057777582,-0.05910562,-0.018883335,0.022161113,0.067241625,-0.001038265,-0.005245233,-0.015514324,-0.005955666,0.016143498,-0.00494989,0.021848699,-0.015219,-0.021001128,-0.039127086
5/29/2015,-0.047629431,0.013211525,0.008384677,0.023086631,-0.017705131,0.006727581,0.018359708,0.004695782,0.003261824,0.045310709,-0.081476604,0.004184187,0.049116986,0.002523601,-0.006525909,0.012795132,0.093845605,0.013462722,-0.004320705,0.005563838,-0.053503571,0.016742302,0.013451683,0.046015982,0.00943567,-0.007803693,0.001682737,0.018923323,-0.002308998,-0.005469707,-0.008874467
6/30/2015,-0.033984234,0.00630525,-0.018145087,-0.04310357,-0.02313965,-0.060067018,-0.002956163,-0.039075664,-0.025301155,-0.002798141,-0.053231587,0.015969129,-0.010036993,0.006214045,-0.041809283,0.019674603,0.024882063,0.022083682,-0.01732838,-0.038847336,-0.03652039,-0.007047654,-0.019018226,-0.00200809,-0.000757364,-0.047674828,-0.026529086,-0.04517686,-0.021357,-0.041041021,-0.048637257
7/31/2015,-0.076510688,0.048120904,0.055089956,0.02992523,-9.24101E-05,0.0605647,0.03115125,-0.050246326,0.001981412,0.028043518,-0.197054442,0.011576459,-0.021461057,-0.032384607,0.006481977,-0.012581899,0.029687726,-0.002041869,-0.071033111,-0.040426064,-0.082332702,0.033875544,0.053011139,0.027753232,0.043022978,0.028364793,0.002582238,0.02020519,0.009091,0.005180162,0.040064434
8/31/2015,-0.041760874,-0.064479489,-0.058979512,-0.05549556,-0.033609562,-0.034401952,-0.067570891,-0.055498165,-0.053506139,-0.078810854,-0.003437262,-0.063963784,-0.064924026,-0.069183965,-0.040755467,-0.065320301,-0.086242473,-0.023314509,-0.048213675,-0.049125265,-0.046068777,-0.066133857,-0.056984097,-0.080942326,-0.064574608,-0.036368869,-0.058936974,-0.060651887,-0.017364001,-0.011248054,-0.021326156
9/30/2015,-0.066716833,-0.00622396,0.005168253,-0.01008298,-0.036021677,0.029182415,-0.029802601,-0.073582798,-0.0182925,-0.056703487,-0.171967523,-0.003598811,-0.029795259,-0.062561351,0.008450704,-0.04883064,-0.119669712,-0.01683027,-0.096893551,-0.074585844,-0.075221452,-0.027297451,-0.004147668,-0.062361425,-0.013018182,-0.002566496,-0.02265612,-0.010797171,0.005755,0.003096843,0.022897432
10/30/2015,0.114437991,0.090741908,0.058205315,0.107610328,0.071097884,0.010920618,0.062439881,0.135167043,0.091911258,0.077516532,0.095878797,0.048580973,0.074719957,0.077944541,0.062349842,0.024404248,0.031301783,0.068713272,0.112384254,0.122033864,0.112690968,0.063421146,0.06556963,0.070344571,0.074884941,0.032280702,0.088490619,0.104969492,-0.01031,-0.002141171,-0.023344748
11/30/2015,-0.002427988,-0.002381654,-0.01104828,0.008720054,-0.01259648,-0.021452335,0.018953708,0.008298112,0.009282629,-0.004125469,-0.008779306,0.032559121,0.041405335,0.025155785,-0.010238141,-0.009732164,0.086547181,0.026270117,0.028844532,0.006330841,-0.008735252,0.014291056,-0.017944502,-0.002220266,-0.003260442,-0.022098346,0.007812157,0.006443083,0.015570002,0.023531305,0.034903946
12/31/2015,-0.09867119,-0.027797147,0.028589962,-0.022895692,0.017478582,0.021707698,-0.021247417,-0.041631919,-0.020033899,0.017794173,-0.178804127,-0.053004582,-0.054807244,-0.072197656,0.000550581,-0.042881287,-0.021028499,-0.049178367,-0.090008458,-0.041027171,-0.106034001,-0.024077952,0.023382293,0.014153059,-0.024919962,0.018296922,-0.026492417,-0.025708514,-0.012492,-0.026157818,-0.021352832
1/29/2016,-0.03020839,-0.051105627,0.006469997,-0.048320665,0.06766848,0.049320151,-0.088551637,-0.105681376,-0.057374957,-0.075945003,-0.142774495,-0.068237669,-0.083335904,-0.078602554,0.01369505,-0.062982039,-0.18762271,-0.040781534,-0.091353186,-0.092869598,-0.036183345,-0.082560082,0.00062728,-0.084445646,-0.052791029,0.048779822,-0.059351356,-0.054615477,0.011278998,0.036993607,0.037612921
2/29/2016,-0.018759932,0.003792101,0.001322813,-0.012293578,0.026911896,0.019391289,-0.02938247,0.075997337,0.039871257,-0.004923374,-0.089423448,-0.007067983,-0.003566879,0.011872506,0.012634693,0.030942229,-0.045479485,0.025691932,0.035024423,0.066093805,-0.028736044,-0.025651328,0.000762295,-0.006557474,0.00560556,0.018469016,0.032377598,-0.016860926,0.014100001,0.028769793,0.024375546
3/31/2016,,,,,,,,,,,,,,,,,,,,,,,,,,,,,,-0.011806995,-0.029136039
